COD_PROD,DESC_PROD,GRUPO,QTD_AGO_24,QTD_SET_24,QTD_OUT_24,QTD_NOV_24,QTD_DEZ_24,QTD_JAN_25,QTD_FEV_25,QTD_MAR_25,QTD_ABR_25,QTD_MAI_25,QTD_JUN_25,QTD_JUL_25,ESTOQUE_ATUAL,FREQUENCIA_12M,FREQUENCIA_6M,FREQUENCIA_3M,FREQUENCIA_1M,NEXT_MONTH_FORECAST
uL05Nm72,Generic Salad,Movies,380,492,294,231,213,47,209,379,247,266,267,446,0,12,6,3,1,446
QI67yb94,Sleek Cotton Chair,Automotive,0,493,474,118,0,372,400,130,39,27,203,422,439,10,6,3,1,422
Ky26zT77,Unbranded Chair,Grocery,59,157,298,19,0,358,313,167,488,472,232,261,100,11,6,3,1,261
OR96Lm84,Unbranded Steel Sausages,Baby,0,366,410,0,144,230,0,494,287,0,453,217,312,8,4,2,1,217
Wc89Nf81,Shirt,Home,235,217,425,30,240,202,89,320,171,0,389,500,0,11,5,2,1,500
Ua46bF83,Tasty Keyboard,Automotive,371,352,0,173,0,286,495,199,314,485,125,179,353,10,6,3,1,179
Tl66fQ40,Pizza,Music,0,128,452,176,367,16,70,403,275,340,331,252,0,11,6,3,1,252
MD85aJ55,Unbranded Ball,Games,0,155,295,440,0,223,448,381,0,215,0,0,26,7,3,1,0,0
Oa43bg67,Rustic Metal Computer,Home,162,341,255,334,0,166,0,216,100,422,269,238,222,10,5,3,1,238
bG98wf84,New Shirt,Music,317,379,326,187,499,329,245,397,165,384,326,156,0,12,6,3,1,156
bC78zT50,Ball,Automotive,0,209,440,146,102,0,0,0,67,185,414,0,223,7,3,2,0,0
gB22fR42,Concrete Pizza,Movies,277,178,0,178,398,338,426,329,392,481,0,151,32,10,5,2,1,151
FI44hz53,Licensed Pants,Music,23,128,360,389,290,167,0,0,409,0,402,334,0,9,3,2,1,334
sT77TM88,Unbranded Metal Bike,Shoes,483,209,143,161,0,133,356,0,112,150,222,0,350,9,4,2,0,0
Ph64Cq82,Concrete Tuna,Garden,382,473,493,153,48,3,451,0,98,432,144,298,52,11,5,3,1,298
TF80Vh17,Sausages,Tools,0,0,109,0,456,335,127,0,0,10,113,354,250,7,4,3,1,354
lD99UW99,New Cotton Pizza,Games,430,0,96,456,141,0,121,0,320,86,8,67,0,9,5,3,1,67
LZ47LU08,Incredible Ball,Industrial,348,15,338,323,35,0,0,121,182,0,217,146,0,9,4,2,1,146
HH83Cv73,Rustic Plastic Gloves,Industrial,455,264,29,413,339,118,190,42,282,369,362,0,112,11,5,2,0,0
rY22vi58,Rustic Hat,Baby,0,287,18,464,0,214,0,216,292,0,443,217,173,8,4,2,1,217
cO33NK37,Computer,Grocery,380,0,333,0,0,132,388,139,445,387,2,362,334,9,6,3,1,362
Ig27vX74,Sleek Granite Keyboard,Movies,0,397,0,0,425,0,320,100,162,371,114,461,187,8,6,3,1,461
Kq74Md82,New Plastic Hat,Industrial,311,291,437,498,356,475,189,356,32,151,235,291,0,12,6,3,1,291
Il49af01,Rubber Towels,Garden,197,441,0,110,144,443,100,274,154,13,442,262,0,11,6,3,1,262
Va62Fw86,Cheese,Automotive,315,59,336,467,227,287,292,13,77,105,263,380,284,12,6,3,1,380
rz55SY43,Handmade Shirt,Automotive,223,109,451,451,0,31,319,468,284,252,0,457,32,10,5,2,1,457
Ye65nG09,Tasty Frozen Ball,Shoes,43,302,0,0,455,168,408,475,73,163,65,54,253,10,6,3,1,54
OK77LD87,New Frozen Shoes,Games,175,225,127,29,162,231,245,273,0,38,204,156,0,11,5,3,1,156
oh58cy95,Handmade Granite Car,Sports,371,361,0,160,66,403,253,325,87,58,13,119,429,11,6,3,1,119
wE02rR56,Generic Keyboard,Kids,6,185,26,175,101,76,396,275,235,310,496,205,0,12,6,3,1,205
Ru67Tg70,Gently Used Granite Gloves,Toys,0,482,475,461,140,28,118,452,0,224,160,61,325,10,5,3,1,61
dW63YN59,Rustic Ball,Automotive,381,95,392,0,246,327,0,148,0,21,91,354,395,9,4,3,1,354
Vy58jr27,Soap,Home,306,90,487,156,307,0,242,378,367,344,317,0,81,10,5,2,0,0
KT95cp28,Refined Concrete Soap,Shoes,341,450,485,414,175,474,31,62,0,0,117,198,499,10,4,2,1,198
rs32Xl51,Tasty Wooden Gloves,Grocery,0,448,215,440,363,355,444,146,251,176,357,184,18,11,6,3,1,184
zU89Us33,Sleek Chips,Sports,236,159,74,159,438,30,256,361,0,261,130,0,39,10,4,2,0,0
Xn88Hj36,Granite Pizza,Grocery,0,0,0,0,55,287,452,53,224,251,0,0,487,6,4,1,0,0
SY61jh04,Metal Mouse,Toys,153,75,479,0,99,111,0,439,264,260,134,256,369,10,5,3,1,256
fX47Ag25,Handmade Tuna,Garden,412,0,488,177,169,248,461,75,259,192,271,74,84,11,6,3,1,74
Ew33Bv48,Metal Tuna,Automotive,468,0,9,0,116,0,327,373,218,305,0,84,365,8,5,2,1,84
SN90nI45,Unbranded Plastic Bike,Automotive,0,332,453,262,311,78,216,100,407,112,360,0,63,10,5,2,0,0
js48zm08,Chair,Industrial,0,0,379,211,439,183,0,414,0,379,425,324,74,8,4,3,1,324
TK17rI30,Sleek Pizza,Industrial,47,373,0,282,470,0,206,68,226,283,94,337,126,10,6,3,1,337
oB26xN47,Handcrafted Frozen Towels,Toys,241,53,142,213,169,402,181,0,426,0,150,232,79,10,4,2,1,232
Sz47NM00,Granite Ball,Kids,0,17,185,0,323,360,0,0,111,116,292,0,5,7,3,2,0,0
kU83JG75,Ergonomic Concrete Mouse,Health,0,131,262,0,209,31,265,436,240,220,197,349,286,10,6,3,1,349
hG95sr75,Fresh Chips,Books,0,158,0,438,136,0,388,182,10,190,88,42,418,9,6,3,1,42
LV40gr10,Sleek Car,Health,0,400,293,35,307,50,177,78,0,5,0,487,425,9,4,2,1,487
st48Sd86,Tasty Fresh Chicken,Garden,97,112,49,284,130,0,425,0,0,381,286,0,185,8,3,2,0,0
Sq19rs24,Plastic Mouse,Games,0,325,120,365,277,70,460,270,121,435,0,30,115,10,5,2,1,30
lQ84Id52,Handcrafted Metal Bacon,Music,27,439,94,258,399,468,56,357,376,176,322,0,396,11,5,2,0,0
Lk35ji31,Generic Salad,Home,0,23,103,314,201,383,387,486,169,186,429,150,477,11,6,3,1,150
vY62Xu69,Gently Used Towels,Tools,452,269,314,371,62,104,348,232,355,340,160,456,25,12,6,3,1,456
QX69mz86,Fish,Outdoors,17,0,365,0,499,266,348,371,0,60,478,329,0,9,5,3,1,329
Os88dc11,Unbranded Granite Sausages,Games,386,218,454,0,0,362,0,471,213,216,0,331,99,8,4,2,1,331
Hx64jD82,Gloves,Electronics,0,476,324,349,216,383,440,147,499,115,116,71,209,11,6,3,1,71
Zg64WE02,Ergonomic Fresh Bike,Shoes,216,18,41,142,394,128,168,48,410,0,250,143,259,11,5,2,1,143
AL58MY46,Pants,Garden,125,399,176,166,301,464,64,20,272,238,405,43,236,12,6,3,1,43
CI68vL05,Soft Bike,Garden,467,235,0,0,199,135,215,0,358,0,293,183,314,8,4,2,1,183
DA79pd22,Bike,Automotive,469,200,386,231,159,0,350,45,69,445,0,371,165,10,5,2,1,371
kN16Mr60,Fantastic Shoes,Toys,0,90,57,0,69,0,500,28,174,357,495,183,26,9,6,3,1,183
KE32Es65,Wooden Pants,Tools,108,262,184,382,380,337,0,141,495,361,432,0,0,10,4,2,0,0
ig85ar19,Chair,Computers,311,189,280,82,89,336,220,48,0,75,407,0,329,10,4,2,0,0
dt95Jw48,Chicken,Toys,0,351,0,160,0,499,60,291,356,216,91,261,443,9,6,3,1,261
pV32sw55,Small Gloves,Jewelery,0,348,0,0,18,41,0,332,455,265,0,60,454,7,4,2,1,60
rg96iK66,Computer,Toys,370,128,419,427,148,331,271,426,327,168,346,374,242,12,6,3,1,374
rm03AS18,Plastic Chair,Computers,268,0,157,46,146,235,97,0,150,411,295,384,0,10,5,3,1,384
BT91dT66,Used Metal Pants,Home,446,20,346,0,0,484,178,184,156,0,212,282,325,9,5,2,1,282
ne98kN33,Ergonomic Computer,Grocery,378,411,296,0,461,0,220,0,483,129,411,201,251,9,5,3,1,201
nf50bm64,Frozen Car,Games,426,258,138,364,134,321,0,38,321,354,311,111,119,11,5,3,1,111
nL53JK96,Sleek Tuna,Sports,15,12,437,0,225,96,323,86,194,468,346,427,461,11,6,3,1,427
ip86Sn58,Generic Fresh Computer,Toys,318,160,63,40,0,307,324,298,28,399,483,119,479,11,6,3,1,119
kd82oO05,Wooden Hat,Books,312,230,491,0,316,50,189,296,97,0,452,0,120,9,4,1,0,0
SF95hW29,Plastic Keyboard,Books,332,0,0,136,0,0,0,146,358,0,407,410,131,6,4,2,1,410
mW19ys62,Used Cotton Car,Kids,433,83,327,377,79,277,365,164,239,420,97,0,0,11,5,2,0,0
al16gb34,Tuna,Electronics,54,422,85,0,259,0,419,160,195,450,199,0,0,9,5,2,0,0
Kx92jU46,Soft Hat,Kids,197,384,210,477,0,242,330,313,255,0,113,252,182,10,5,2,1,252
mn01Gl53,Fantastic Wooden Mouse,Health,0,15,161,0,134,223,120,163,285,0,0,177,0,8,4,1,1,177
rr20nc66,Car,Music,0,163,60,401,280,334,104,188,0,76,0,138,253,9,4,2,1,138
Vn08NH28,Sleek Sausages,Toys,403,483,322,435,434,0,266,451,0,343,278,0,89,9,4,2,0,0
SC23hF43,Computer,Baby,217,184,334,347,475,267,377,87,0,0,44,146,0,10,4,2,1,146
zm32pV98,Mouse,Grocery,267,170,346,337,357,67,425,243,27,129,0,0,428,10,4,1,0,0
Jq47xd39,Practical Frozen Salad,Movies,0,397,0,272,0,374,197,217,0,381,380,330,320,8,5,3,1,330
uY30xE47,Bacon,Garden,9,98,287,98,200,4,134,383,244,0,195,254,429,11,5,2,1,254
fk20Vh24,Steel Bike,Music,451,484,454,115,30,489,109,0,304,303,298,0,107,10,4,2,0,0
wW12Sg15,Awesome Fresh Shirt,Grocery,430,444,175,229,253,0,311,286,183,415,0,170,325,10,5,2,1,170
hz96uk16,Unbranded Hat,Baby,258,111,495,482,0,413,0,423,0,174,114,112,289,9,4,3,1,112
Ic54lY49,Steel Gloves,Movies,39,400,229,454,86,109,37,103,127,0,436,0,487,10,4,1,0,0
mk42YN00,Rubber Pants,Baby,437,434,440,0,0,108,25,367,391,10,229,197,165,10,6,3,1,197
fk15xX38,Shoes,Sports,0,0,467,43,421,105,435,0,453,298,308,57,0,9,5,3,1,57
te22Vz30,Handmade Frozen Tuna,Kids,240,54,153,95,360,412,302,0,0,0,296,0,31,8,2,1,0,0
Fv09yA24,Sleek Shirt,Computers,441,494,108,284,353,86,203,125,123,172,239,150,4,12,6,3,1,150
QC59hp24,Tasty Concrete Pizza,Books,26,117,303,486,254,363,364,359,442,26,0,318,224,11,5,2,1,318
mI80ns40,Used Gloves,Health,441,335,301,200,173,405,308,88,0,440,0,115,75,10,4,2,1,115
yE86xv75,Soft Mouse,Beauty,164,348,242,209,194,417,225,0,348,426,0,388,358,10,4,2,1,388
xR29so59,Practical Chair,Baby,184,0,0,308,361,0,451,20,259,143,494,216,442,9,6,3,1,216
OO82KO53,Rustic Ball,Industrial,139,213,11,0,206,215,0,185,215,122,0,185,0,9,4,2,1,185
fw48Mz14,New Metal Towels,Games,43,448,476,280,97,401,442,82,435,217,125,0,176,11,5,2,0,0
Os44wm99,Towels,Outdoors,31,32,251,221,436,0,154,98,133,434,0,178,480,10,5,2,1,178
JZ37YZ17,Steel Mouse,Games,1,35,449,272,0,443,109,54,226,271,427,349,373,11,6,3,1,349
Vx07Va94,Cotton Bike,Kids,175,93,26,108,378,264,447,135,84,262,302,395,0,12,6,3,1,395
Qh75jE07,Tuna,Electronics,174,192,116,496,183,425,281,188,236,326,0,51,234,11,5,2,1,51
nP40Nw06,Intelligent Tuna,Jewelery,106,258,149,87,489,348,0,0,244,370,0,369,146,9,3,2,1,369
FZ08Uv04,Generic Plastic Salad,Movies,0,464,357,159,242,35,461,474,64,342,36,84,148,11,6,3,1,84
JJ62NN87,Gorgeous Steel Pizza,Movies,110,69,384,234,389,309,29,322,0,293,484,138,61,11,5,3,1,138
sQ04Kk45,Shirt,Tools,334,339,154,58,274,0,242,28,0,317,0,475,184,9,4,2,1,475
wU95lj31,Soap,Books,16,252,295,286,68,383,77,165,0,352,74,500,125,11,5,3,1,500
rQ90HZ57,Rubber Fish,Music,4,303,159,40,43,383,175,432,246,368,94,184,174,12,6,3,1,184
mJ28te04,New Tuna,Electronics,356,311,0,159,79,307,207,46,460,21,281,130,0,11,6,3,1,130
lw46KD15,Tasty Soap,Clothing,299,131,404,57,47,0,127,319,144,211,265,180,66,11,6,3,1,180
oq88IW96,Plastic Mouse,Home,397,31,118,355,265,0,364,379,397,113,0,138,44,10,5,2,1,138
TX22Xy18,Plastic Hat,Movies,244,128,85,215,289,198,127,171,257,231,0,300,411,11,5,2,1,300
tM00RZ23,Refined Plastic Soap,Beauty,0,149,198,39,0,0,149,114,197,21,262,0,0,8,5,2,0,0
wf22Sv57,Generic Ball,Garden,363,0,188,265,17,459,219,237,158,62,225,315,83,11,6,3,1,315
uh44Iz28,Intelligent Granite Chair,Electronics,367,322,231,335,49,278,452,226,380,192,96,0,1,11,5,2,0,0
VS98XD03,Awesome Frozen Salad,Outdoors,12,0,0,29,408,0,111,0,4,186,268,344,231,8,5,3,1,344
Wm67uE85,Ergonomic Granite Hat,Computers,297,210,0,52,0,0,0,327,0,457,463,0,92,6,3,2,0,0
Ms52JA04,Granite Tuna,Home,405,0,497,445,68,0,30,226,0,0,0,433,388,7,3,1,1,433
Zj98wm80,Wooden Cheese,Sports,240,464,0,293,110,334,0,0,483,76,227,98,177,9,4,3,1,98
Oo94ZE07,New Computer,Beauty,332,236,391,74,301,411,494,381,206,52,428,294,216,12,6,3,1,294
hc60iJ86,Handmade Fresh Chair,Jewelery,442,346,449,0,0,183,225,104,421,145,380,348,431,10,6,3,1,348
lp75Iv85,Fantastic Pants,Outdoors,426,282,268,80,394,246,224,324,46,184,372,451,461,12,6,3,1,451
Zq42Sn48,New Chicken,Games,480,382,75,195,0,312,274,490,18,0,480,288,0,10,5,2,1,288
Jf48Di76,New Rubber Table,Computers,428,342,424,249,74,404,232,499,233,218,217,0,131,11,5,2,0,0
NN17ZN31,Sleek Sausages,Games,124,190,85,6,206,288,0,263,44,0,64,0,492,9,3,1,0,0
ao35yz23,Practical Concrete Salad,Toys,238,352,411,420,305,0,0,32,0,0,493,0,113,7,2,1,0,0
Mv16vs56,Fantastic Fresh Cheese,Jewelery,0,206,463,269,165,462,241,445,0,233,0,306,136,9,4,2,1,306
ny01eu46,Handmade Concrete Salad,Shoes,379,0,404,315,406,0,97,0,293,207,62,0,488,8,4,2,0,0
Cn44kv00,Ergonomic Ball,Tools,45,393,270,309,0,148,430,397,202,288,189,387,368,11,6,3,1,387
Nn65IR19,Rubber Table,Tools,96,126,398,210,242,159,479,126,248,217,3,218,270,12,6,3,1,218
UB33lZ95,Licensed Sausages,Beauty,380,374,441,311,1,468,411,182,298,0,181,0,26,10,4,1,0,0
nl45AV64,Concrete Fish,Tools,73,18,471,9,67,425,212,44,128,282,347,113,393,12,6,3,1,113
AA48fy58,Hat,Books,369,276,488,77,0,0,158,104,201,72,428,341,21,10,6,3,1,341
Qt95VX10,For repair Fish,Toys,0,368,140,342,263,424,0,31,187,2,327,104,0,10,5,3,1,104
Gw06cs53,Intelligent Computer,Beauty,411,0,99,0,401,0,160,0,0,0,242,80,16,6,3,2,1,80
Xs88EM42,New Mouse,Outdoors,459,156,375,0,453,0,366,0,459,0,112,284,470,8,4,2,1,284
tV38Os68,Practical Bacon,Health,312,108,49,0,120,379,251,495,43,10,356,45,0,11,6,3,1,45
lI99TJ81,Concrete Table,Toys,0,96,358,0,94,479,213,404,0,495,29,247,97,9,5,3,1,247
bw72nn53,New Plastic Shoes,Clothing,311,0,405,165,410,110,289,255,497,289,250,109,0,11,6,3,1,109
sQ66tw62,Intelligent Tuna,Clothing,369,0,385,151,41,183,151,198,125,22,329,380,0,11,6,3,1,380
WT10dS86,Hat,Games,286,354,59,385,72,230,31,12,28,0,0,0,64,9,3,0,0,0
rr62JJ39,Awesome Fresh Tuna,Tools,0,120,362,313,480,466,462,0,132,0,361,377,308,9,4,2,1,377
nh57dK32,Rustic Chicken,Outdoors,0,0,31,421,0,106,72,0,0,491,163,181,113,7,4,3,1,181
ue41KS45,Refined Car,Computers,85,0,208,38,454,0,77,16,323,399,95,10,109,10,6,3,1,10
Be21IP51,Rubber Sausages,Sports,48,5,0,227,179,277,0,291,0,460,244,426,409,9,4,3,1,426
kv14gZ01,Awesome Cotton Fish,Automotive,81,6,15,0,0,154,307,387,381,284,333,186,38,10,6,3,1,186
Tk42Ux63,Sleek Metal Cheese,Health,192,229,43,52,240,17,203,0,211,455,96,0,28,10,4,2,0,0
oB91qC46,Gently Used Granite Fish,Kids,124,305,75,274,215,298,0,0,328,0,13,242,173,9,3,2,1,242
cd60oW41,Incredible Chicken,Books,308,27,5,389,171,43,321,0,433,75,248,204,105,11,5,3,1,204
Ao37He45,Soft Table,Music,144,382,442,0,0,105,469,452,0,316,342,446,481,9,5,3,1,446
Tg06oG44,Rustic Rubber Bike,Baby,249,147,402,350,439,442,169,325,497,0,173,131,430,11,5,2,1,131
QX38wY73,Used Wooden Ball,Beauty,410,155,173,162,358,0,374,14,473,450,59,223,365,11,6,3,1,223
xf50zO54,Pizza,Health,402,0,390,163,68,0,0,351,430,283,496,76,218,9,5,3,1,76
NH64Fk18,Fresh Cheese,Clothing,191,342,218,0,154,125,0,440,18,250,15,368,228,10,5,3,1,368
Uz87yq57,Used Plastic Shoes,Movies,468,155,347,219,307,0,0,467,340,324,135,242,80,10,5,3,1,242
kV66Qy40,New Chair,Health,0,282,228,0,180,268,0,405,148,480,263,321,57,9,5,3,1,321
xb21Dk32,Small Pizza,Home,80,0,356,190,251,174,0,0,357,303,322,9,0,9,4,3,1,9
Cx89ko18,Rustic Soft Car,Health,272,201,160,200,171,0,369,339,318,454,401,356,336,11,6,3,1,356
Hj98QY68,Gorgeous Chips,Baby,335,360,0,0,292,0,222,352,347,230,162,0,0,8,5,2,0,0
Dx86GE16,Concrete Chair,Kids,250,240,44,116,121,385,487,389,410,3,310,0,0,11,5,2,0,0
JU87rg32,Steel Bacon,Health,9,0,351,227,193,157,340,257,211,123,0,23,446,10,5,2,1,23
Nc06NP52,Frozen Keyboard,Clothing,347,75,354,0,180,129,406,224,0,302,0,143,27,9,4,2,1,143
Hr93yF95,Shirt,Books,321,439,175,0,408,0,97,0,248,159,34,454,437,9,5,3,1,454
Nr29rJ07,Tuna,Automotive,380,0,440,56,457,285,162,492,315,107,319,119,304,11,6,3,1,119
yf60ba79,Unbranded Shoes,Kids,327,287,205,264,154,217,15,411,364,30,77,273,0,12,6,3,1,273
xU10fG80,For repair Soap,Baby,322,95,0,409,4,311,0,433,454,303,366,219,0,10,5,3,1,219
OZ60xq82,Cheese,Kids,164,144,123,495,443,411,467,0,420,423,196,383,0,11,5,3,1,383
mo58Sk84,Wooden Tuna,Computers,206,369,0,246,15,319,275,76,0,0,219,495,374,9,4,2,1,495
jW37ZH45,Gently Used Chips,Kids,160,289,460,291,239,409,0,198,0,361,433,398,120,10,4,3,1,398
Jr73vY95,Rustic Concrete Cheese,Electronics,130,307,166,0,166,114,48,316,187,189,0,147,230,10,5,2,1,147
Ed55TF06,Rustic Soft Computer,Beauty,40,0,0,237,130,442,254,240,226,457,300,395,283,10,6,3,1,395
de92nw52,Granite Shoes,Jewelery,482,0,272,80,398,478,0,339,392,143,214,410,0,10,5,3,1,410
cw45Pk12,Handmade Cheese,Health,210,145,384,228,478,0,400,260,318,476,255,225,204,11,6,3,1,225
Qm27AM92,Fresh Salad,Movies,7,114,308,0,4,499,9,207,0,472,495,31,11,10,5,3,1,31
pV39ke76,Plastic Fish,Grocery,329,0,27,324,365,171,135,221,292,396,55,0,412,10,5,2,0,0
sX48Fm19,New Hat,Games,333,177,305,0,415,0,106,146,349,15,400,0,0,9,5,2,0,0
Cm82fV43,Frozen Keyboard,Clothing,428,403,71,197,463,0,156,349,161,436,318,0,222,10,5,2,0,0
hu83tD25,Sausages,Tools,0,242,0,468,0,395,453,168,413,389,422,0,342,8,5,2,0,0
yi88Az10,Handmade Computer,Health,65,420,139,0,170,270,269,214,0,248,257,266,498,10,5,3,1,266
ie78ZW67,Tasty Soft Gloves,Kids,9,184,401,208,206,411,37,233,277,0,96,61,266,11,5,2,1,61
DA20BW25,Ergonomic Pizza,Kids,359,0,190,330,97,284,3,175,307,174,409,427,370,11,6,3,1,427
rV85pL16,Gently Used Plastic Sausages,Games,0,0,150,64,0,217,149,0,410,226,190,355,122,8,5,3,1,355
RB20Zy25,Frozen Chips,Music,45,152,33,249,464,326,95,161,427,114,63,166,288,12,6,3,1,166
Js98fN79,Used Fresh Cheese,Shoes,185,90,314,118,305,103,82,23,56,472,21,495,274,12,6,3,1,495
uY91WF31,Mouse,Computers,405,0,0,103,373,267,165,0,0,464,306,484,237,8,4,3,1,484
BL09tT82,Wooden Car,Shoes,388,379,476,41,352,474,0,38,0,359,304,408,390,10,4,3,1,408
oh57pF03,Fresh Shoes,Health,323,352,68,267,0,170,0,0,330,0,6,215,213,8,3,2,1,215
hi62PS40,Plastic Chair,Movies,495,0,325,211,0,0,411,0,325,377,485,373,275,8,5,3,1,373
tX02LZ26,Concrete Soap,Jewelery,479,301,204,364,489,417,222,38,233,45,0,480,22,11,5,2,1,480
bI54AB31,Gloves,Tools,430,206,57,75,176,409,41,0,51,428,308,188,255,11,5,3,1,188
ht51Gb92,Concrete Bacon,Books,214,204,260,402,496,275,0,0,395,274,454,487,142,10,4,3,1,487
ZY43LS64,Fresh Soap,Automotive,6,333,207,155,470,64,488,315,147,430,248,124,16,12,6,3,1,124
ap24QN24,New Plastic Mouse,Outdoors,224,218,157,186,78,0,97,121,493,147,298,193,471,11,6,3,1,193
tA12NB97,Sleek Shoes,Grocery,337,0,0,0,136,427,361,350,387,138,479,286,247,9,6,3,1,286
sG76EW40,Soap,Sports,353,0,0,344,460,364,208,357,238,15,85,0,0,9,5,2,0,0
wG61iA02,Tasty Cotton Soap,Health,121,187,437,0,479,453,224,159,64,0,14,0,0,9,4,1,0,0
yA39xb92,New Fresh Gloves,Baby,420,309,337,224,320,45,144,500,112,0,143,171,166,11,5,2,1,171
SY75Uw58,Metal Computer,Beauty,83,163,489,309,0,438,39,124,0,185,0,499,364,9,4,2,1,499
Pd83Nk86,Salad,Movies,484,405,213,239,220,56,111,199,115,37,130,296,0,12,6,3,1,296
Lj78Nv89,Cotton Table,Toys,485,347,27,161,20,315,136,288,252,155,392,196,74,12,6,3,1,196
Kh13Bo79,Pants,Automotive,138,0,0,0,0,261,144,262,328,0,113,454,221,7,5,2,1,454
if10mU75,Used Frozen Pizza,Automotive,0,0,329,26,260,0,382,349,0,83,453,375,334,8,5,3,1,375
Ps55Hu33,Handmade Chips,Clothing,141,327,230,175,0,0,143,60,216,35,28,190,5,10,6,3,1,190
oh24eZ65,Fresh Towels,Computers,81,29,141,283,360,324,349,0,432,89,418,0,351,10,4,2,0,0
eY49Dp30,Small Concrete Ball,Jewelery,0,0,187,385,25,352,269,0,0,56,343,5,0,8,4,3,1,5
BG75HM48,Metal Ball,Health,99,420,159,0,281,0,43,120,0,125,128,249,181,9,5,3,1,249
nM35sx13,Refined Wooden Shoes,Kids,366,5,138,221,310,78,0,412,382,264,185,0,0,10,4,2,0,0
rt33gF89,Handmade Plastic Chips,Books,478,0,0,494,0,455,0,413,0,0,208,106,498,6,3,2,1,106
eM33lA50,Cotton Chips,Games,0,208,434,341,84,81,0,29,0,0,0,139,0,7,2,1,1,139
fV99Uk73,Steel Shoes,Outdoors,121,238,308,85,466,308,407,278,0,480,0,388,126,10,4,2,1,388
EY87qu38,Gently Used Gloves,Computers,264,0,262,19,30,453,326,307,447,449,151,359,5,11,6,3,1,359
XC60qW68,Gloves,Health,295,454,0,70,244,0,93,0,155,45,285,133,264,9,5,3,1,133
RC92PK97,Pizza,Toys,22,58,489,326,205,3,339,276,344,308,255,433,44,12,6,3,1,433
CE15DX63,Metal Bike,Clothing,0,438,43,391,328,379,494,0,393,244,56,160,169,10,5,3,1,160
EC00uu19,Ball,Beauty,75,336,499,327,267,31,446,43,368,137,163,134,469,12,6,3,1,134
Qx49Dt54,Chair,Jewelery,311,0,377,304,0,41,350,82,0,482,0,37,205,8,4,2,1,37
mU82wp42,Granite Chair,Kids,477,225,0,424,482,180,186,190,401,424,83,0,386,10,5,2,0,0
ll29tC99,Towels,Clothing,367,39,218,456,0,27,0,2,166,339,7,464,147,10,5,3,1,464
po48VW87,Salad,Shoes,278,3,0,349,266,144,379,168,57,137,0,360,363,10,5,2,1,360
UD17FF45,Rustic Rubber Chair,Computers,226,305,144,345,249,493,166,280,422,102,410,0,329,11,5,2,0,0
QV11Sn46,Handcrafted Bacon,Automotive,225,355,144,38,318,0,50,218,480,60,454,69,0,11,6,3,1,69
rf08iP02,Soap,Books,47,194,0,43,115,439,379,0,59,461,213,140,169,10,5,3,1,140
CS09nu42,Frozen Fish,Grocery,498,92,265,176,50,249,362,226,100,490,471,163,6,12,6,3,1,163
mD10Km07,Unbranded Concrete Salad,Sports,376,368,340,0,0,202,324,28,271,468,173,407,33,10,6,3,1,407
yz69Xo71,Ergonomic Metal Sausages,Clothing,260,292,246,390,0,239,78,0,48,38,322,0,273,9,4,2,0,0
ZS48DK21,Small Table,Home,271,0,160,485,42,0,364,0,55,299,416,77,454,9,5,3,1,77
mZ76sj90,Cheese,Kids,302,1,483,265,0,74,128,258,10,367,358,444,0,11,6,3,1,444
pp65WY14,Refined Granite Fish,Music,0,221,389,175,52,122,164,0,173,9,310,256,489,10,5,3,1,256
rr83oy03,Sausages,Clothing,151,450,338,226,34,58,134,160,499,0,455,158,154,11,5,2,1,158
JJ53wY93,Computer,Tools,190,208,0,0,173,0,0,196,116,303,251,129,0,8,5,3,1,129
gK92Hw90,Keyboard,Books,130,0,261,497,0,0,493,184,234,0,399,447,40,8,5,2,1,447
xL07LD46,Bike,Toys,0,0,473,341,253,403,317,369,326,276,362,93,368,10,6,3,1,93
ya40iO45,Cotton Towels,Electronics,0,0,352,364,301,423,305,0,0,415,0,81,12,7,3,2,1,81
Pv61Kp35,Fantastic Steel Chips,Books,0,488,324,105,33,380,455,0,331,0,0,130,0,8,3,1,1,130
GI69DD54,Rubber Tuna,Baby,76,161,493,107,87,65,0,14,352,169,189,321,145,11,5,3,1,321
eh42yn68,Steel Bacon,Games,0,188,0,8,455,24,286,323,248,0,317,0,426,8,4,1,0,0
WN27jC06,Concrete Gloves,Industrial,428,372,491,345,62,25,327,225,309,0,207,338,267,11,5,2,1,338
co24XK85,Steel Cheese,Clothing,439,0,0,13,308,477,116,0,268,194,74,153,0,9,5,3,1,153
yx44io09,Tasty Granite Chair,Grocery,167,438,0,300,262,0,0,114,270,192,100,74,443,9,5,3,1,74
VO45oH92,Plastic Chair,Home,388,293,0,433,173,59,265,0,0,289,195,0,301,8,3,2,0,0
ha21If13,Fresh Chips,Home,344,407,403,343,0,0,174,496,251,213,85,250,76,10,6,3,1,250
mN09Tq65,Chair,Books,478,148,262,251,234,160,274,0,211,447,0,375,244,10,4,2,1,375
eZ07SX38,Intelligent Ball,Shoes,329,266,0,257,217,306,470,118,89,0,338,137,39,10,5,2,1,137
nM11OV89,Fantastic Computer,Tools,350,442,487,160,118,138,492,7,84,140,162,45,295,12,6,3,1,45
kG76Qt05,Fantastic Granite Salad,Tools,7,104,115,463,405,161,266,146,23,0,131,0,368,10,4,1,0,0
cl70OU13,Gently Used Bacon,Automotive,367,469,135,120,240,324,165,366,0,196,153,224,495,11,5,3,1,224
NI91kY87,Hat,Industrial,33,408,265,0,193,353,389,12,486,0,359,430,24,10,5,2,1,430
lG70SX20,Towels,Games,0,0,472,109,0,0,426,15,118,0,344,306,468,7,5,2,1,306
Yr84Bw45,Car,Beauty,364,20,460,313,54,461,306,487,261,283,56,0,384,11,5,2,0,0
NN36GI62,Wooden Towels,Health,297,265,343,385,0,165,456,126,464,79,246,360,0,11,6,3,1,360
Dh31mF65,Refined Shoes,Toys,291,25,283,23,265,0,307,114,227,143,362,128,0,11,6,3,1,128
RI87gc94,Bike,Home,0,299,0,459,423,430,227,421,316,212,386,0,0,9,5,2,0,0
TA84bd48,Steel Computer,Games,47,13,403,493,4,261,243,160,85,142,400,89,11,12,6,3,1,89
kp89Pt06,Chips,Shoes,168,285,137,403,42,97,0,140,365,74,15,296,408,11,5,3,1,296
Zn06dP39,Concrete Fish,Beauty,349,319,95,174,37,0,452,31,116,445,377,375,117,11,6,3,1,375
lN90nL17,Mouse,Outdoors,4,0,0,438,0,190,457,12,465,316,365,497,0,9,6,3,1,497
Zi81Ni21,Rubber Shoes,Health,186,345,0,160,173,368,481,311,0,0,323,393,0,9,4,2,1,393
Fr95cP35,Mouse,Toys,149,34,83,0,0,259,485,167,469,0,167,352,53,9,5,2,1,352
bR13fw59,New Shirt,Toys,73,79,9,312,433,334,0,80,221,38,402,268,461,11,5,3,1,268
gM42Qc83,Refined Metal Mouse,Health,0,0,94,216,0,0,414,26,216,300,119,0,0,7,5,2,0,0
Co26wB20,Rustic Cotton Bacon,Toys,19,133,460,16,83,105,126,355,379,437,187,0,29,11,5,2,0,0
Fz24JO05,Unbranded Cotton Table,Music,49,196,306,93,296,153,0,0,461,332,388,224,62,10,4,3,1,224
Zn92xO71,Rubber Keyboard,Shoes,130,177,450,236,68,196,359,320,0,304,170,162,400,11,5,3,1,162
VX81io32,Rustic Rubber Table,Outdoors,296,454,0,0,137,0,200,155,61,162,0,198,391,8,5,2,1,198
GI32bQ21,Gorgeous Steel Keyboard,Electronics,234,91,0,378,433,392,111,219,267,200,0,0,0,9,4,1,0,0
LV95EP31,Soft Chair,Home,14,160,15,86,368,416,81,319,34,495,21,6,75,12,6,3,1,6
Fb65Rx47,Sleek Fresh Keyboard,Clothing,0,485,0,351,217,397,0,392,0,183,0,0,215,6,2,1,0,0
ag22Qq29,Handcrafted Computer,Games,0,0,373,373,0,59,0,0,473,319,126,306,56,7,4,3,1,306
qh72PL71,Soap,Sports,0,401,390,173,431,0,476,377,375,0,332,56,0,9,5,2,1,56
Wr77Zm80,Granite Cheese,Electronics,184,0,94,140,335,39,0,35,176,171,298,63,185,10,5,3,1,63
dm14XF51,For repair Keyboard,Industrial,191,43,341,297,446,0,92,29,405,270,489,37,12,11,6,3,1,37
pW45Ej24,Unbranded Steel Pants,Industrial,384,0,113,127,441,496,485,448,33,267,133,214,335,11,6,3,1,214
ni04fN33,Gorgeous Metal Car,Baby,91,427,480,133,0,106,0,0,218,62,494,0,297,8,3,2,0,0
vq67iJ02,Frozen Gloves,Books,489,186,486,26,333,9,0,217,349,0,349,372,138,10,4,2,1,372
Wh73cp92,Awesome Metal Tuna,Toys,344,397,213,2,366,27,454,214,385,45,0,372,102,11,5,2,1,372
qp69Yt88,Granite Chips,Industrial,77,138,160,0,408,333,50,483,166,266,479,132,135,11,6,3,1,132
sB71gg62,Fantastic Soft Hat,Clothing,154,56,96,0,112,368,178,474,9,0,375,175,356,10,5,2,1,175
Mv01KI69,Ergonomic Hat,Books,426,145,42,97,342,453,427,0,219,328,0,190,0,10,4,2,1,190
IP31hb14,Concrete Chips,Music,374,44,374,458,0,264,397,254,468,402,393,354,115,11,6,3,1,354
BH30qT12,Plastic Hat,Automotive,172,188,494,339,93,397,264,115,94,0,0,0,227,9,3,0,0,0
fM87iL63,Intelligent Towels,Toys,120,0,402,0,483,349,141,67,311,280,420,51,0,10,6,3,1,51
ZT66pH58,Licensed Frozen Keyboard,Jewelery,4,64,380,0,322,263,202,261,0,474,0,356,47,9,4,2,1,356
Hg89Eb44,Gently Used Rubber Soap,Industrial,320,348,144,287,277,380,359,71,459,54,92,404,138,12,6,3,1,404
RP89dr81,Granite Mouse,Garden,0,0,232,222,0,214,0,343,0,332,0,304,0,6,3,2,1,304
aA88wv96,Incredible Fish,Movies,484,257,66,0,460,22,172,401,84,430,0,116,64,10,5,2,1,116
Yy84FJ72,Steel Soap,Industrial,326,408,378,0,0,212,399,59,212,0,399,74,54,9,5,2,1,74
wE25ZQ95,Frozen Pants,Kids,483,362,381,98,238,311,336,0,313,179,432,49,112,11,5,3,1,49
ir77tk08,Intelligent Ball,Health,32,328,46,380,0,315,360,278,0,150,96,0,16,9,4,2,0,0
js26AR43,Small Pizza,Health,9,26,232,165,204,326,247,0,113,159,0,428,0,10,4,2,1,428
OJ04JH19,Wooden Shirt,Home,182,87,0,133,98,476,0,445,433,403,383,120,387,10,5,3,1,120
hP84CT43,Handcrafted Mouse,Sports,171,393,187,56,68,2,356,0,0,130,149,35,434,10,4,3,1,35
NZ69HD83,Car,Games,221,0,235,122,126,260,129,389,388,84,240,0,480,10,5,2,0,0
Lm97zD38,Rubber Chair,Garden,395,493,324,0,0,440,273,9,375,0,139,363,333,9,5,2,1,363
bp54UX61,Used Fresh Car,Home,365,217,35,0,439,225,135,492,0,0,302,0,288,8,3,1,0,0
Gx40ud78,Tasty Shoes,Music,284,369,370,486,332,355,281,91,415,0,366,0,300,10,4,1,0,0
IH58bu79,Granite Fish,Industrial,17,59,0,0,282,195,430,245,180,128,0,439,41,9,5,2,1,439
oh71Cu83,Ball,Home,0,296,312,94,63,62,268,0,425,468,201,92,258,10,5,3,1,92
Fi05NQ11,Steel Salad,Clothing,253,0,140,288,244,382,205,447,448,67,394,313,484,11,6,3,1,313
uf50ib70,Cotton Mouse,Movies,369,241,39,0,174,455,496,406,67,415,0,283,343,10,5,2,1,283
zG82MJ10,For repair Cotton Soap,Movies,0,0,479,0,0,184,293,61,0,393,128,389,0,7,5,3,1,389
Rb09Ld73,Shoes,Automotive,259,287,390,169,70,0,362,418,0,0,155,292,147,9,4,2,1,292
mQ92VJ13,Awesome Chips,Books,20,397,0,240,0,405,0,0,42,163,166,5,131,8,4,3,1,5
pf72Vu63,Car,Health,366,350,131,0,0,465,0,380,0,0,0,0,0,5,1,0,0,0
jO53dZ96,Licensed Concrete Shirt,Health,106,84,111,0,78,0,0,0,317,252,178,199,371,8,4,3,1,199
ZA31lR23,Rubber Gloves,Clothing,465,206,300,136,105,27,150,101,104,206,0,59,310,11,5,2,1,59
FS73GX96,Cheese,Games,159,163,129,185,176,256,0,287,259,5,0,307,58,10,4,2,1,307
cB36jd22,Small Steel Sausages,Garden,368,446,0,271,0,368,212,253,0,367,0,0,141,7,3,1,0,0
Fz59ja37,Refined Sausages,Home,0,91,229,499,59,25,19,336,63,403,82,0,151,10,5,2,0,0
Zg83Fp46,Rustic Soft Towels,Shoes,470,140,251,7,22,370,379,419,51,0,267,215,132,11,5,2,1,215
LC90Ux91,Steel Sausages,Garden,420,499,423,0,52,0,229,0,398,265,468,0,361,8,4,2,0,0
lU32ib67,Chicken,Books,333,0,29,0,201,0,78,78,0,489,0,283,378,7,4,2,1,283
dd92Gb52,Wooden Pizza,Home,379,0,174,61,212,3,71,0,157,358,233,211,0,10,5,3,1,211
wc06aA33,Rubber Chips,Toys,350,0,420,424,137,335,190,0,341,278,459,128,343,10,5,3,1,128
XQ32Vb78,Small Chicken,Grocery,231,388,0,251,0,149,175,0,177,0,248,430,228,8,4,2,1,430
Pm37dw49,Ball,Books,0,36,192,0,82,499,379,426,155,49,488,0,316,9,5,2,0,0
hp53at83,Salad,Sports,497,121,416,29,27,95,227,389,75,407,497,124,0,12,6,3,1,124
OD19zA11,Granite Table,Movies,356,216,0,164,267,487,62,434,347,0,11,190,179,10,5,2,1,190
hs20uW02,Plastic Towels,Toys,17,49,382,221,96,160,209,313,311,0,332,0,210,10,4,1,0,0
qH23yA85,Cotton Computer,Home,295,136,104,0,58,0,109,160,465,257,246,256,160,10,6,3,1,256
xn88WW43,Sleek Salad,Books,234,223,405,439,100,7,123,381,0,373,114,0,193,10,4,2,0,0
rr63Xk64,Frozen Salad,Industrial,180,221,442,81,288,0,174,329,190,173,376,154,427,11,6,3,1,154
Nm54Ih28,Fresh Hat,Music,207,165,218,369,0,62,294,28,0,462,86,133,328,10,5,3,1,133
Gb90xq27,Salad,Sports,0,382,480,426,0,357,496,8,382,459,68,99,428,10,6,3,1,99
WS78Nj38,Rustic Mouse,Kids,118,0,468,476,341,262,0,0,462,119,391,68,397,9,4,3,1,68
IL74zT90,New Fresh Chips,Movies,112,149,193,248,86,0,342,0,52,409,187,120,55,10,5,3,1,120
sG71QL79,Practical Frozen Mouse,Garden,199,0,108,0,194,0,441,298,86,255,301,478,50,9,6,3,1,478
UD37Wf60,Steel Car,Music,256,401,81,0,475,173,59,187,115,435,380,108,250,11,6,3,1,108
zE33ao34,Shirt,Electronics,181,53,0,471,352,500,298,0,194,352,125,48,216,10,5,3,1,48
vs08zb94,Sleek Pizza,Books,119,258,378,178,223,0,176,0,356,306,440,198,0,10,5,3,1,198
Qj51Yd00,Wooden Cheese,Shoes,483,285,0,241,205,128,101,274,289,173,325,227,0,11,6,3,1,227
Jy56OR28,Tasty Computer,Outdoors,42,0,483,141,438,0,0,150,213,185,55,240,414,9,5,3,1,240
fg41vz14,Refined Wooden Ball,Computers,444,177,450,472,121,457,327,426,320,75,18,233,438,12,6,3,1,233
ms03IR50,Ergonomic Soft Mouse,Toys,278,326,142,0,157,0,246,179,435,241,66,220,451,10,6,3,1,220
fy01gL75,Cheese,Movies,0,0,459,241,454,290,0,310,0,314,0,0,34,6,2,1,0,0
up88fb02,Fantastic Shoes,Home,0,444,222,20,4,340,155,261,288,290,203,0,215,10,5,2,0,0
Uv89KR26,Bacon,Toys,0,398,90,0,363,313,70,268,72,181,186,380,104,10,6,3,1,380
or50aR44,Fantastic Table,Sports,0,0,248,149,39,251,168,210,251,207,0,162,84,9,5,2,1,162
mr25uM04,Ball,Grocery,474,475,451,312,228,193,0,471,229,198,197,0,29,10,4,2,0,0
TA79ox17,Ergonomic Chair,Computers,203,192,236,274,472,325,0,0,395,165,299,28,26,10,4,3,1,28
so88Md24,Tuna,Outdoors,492,256,0,0,13,191,298,214,80,261,499,267,308,10,6,3,1,267
an41cp59,Practical Metal Pizza,Baby,211,70,0,0,443,370,249,0,461,224,0,41,360,8,4,2,1,41
rk73aW60,Ergonomic Gloves,Music,54,348,0,109,458,10,164,339,0,443,360,0,423,9,4,2,0,0
wd37Dg09,Licensed Mouse,Movies,0,147,0,0,307,288,17,361,235,49,317,70,74,9,6,3,1,70
Ww29Om63,Shirt,Kids,265,0,173,177,0,377,71,309,32,481,64,0,0,9,5,2,0,0
Ek55Er26,Rustic Shirt,Clothing,98,70,366,228,407,274,75,190,31,421,354,240,240,12,6,3,1,240
lP76HD97,Fish,Books,497,178,385,134,0,0,225,0,490,352,0,395,415,8,4,2,1,395
Ty67jZ67,Handmade Cotton Mouse,Tools,72,118,225,67,207,357,0,347,113,238,113,468,280,11,5,3,1,468
Hn48RZ85,Handcrafted Table,Shoes,353,0,0,109,407,159,467,263,216,379,350,0,411,9,5,2,0,0
ME93RF42,Awesome Computer,Music,0,446,239,39,190,167,446,23,44,312,0,387,26,10,5,2,1,387
Qx69Bl63,Gently Used Concrete Pizza,Sports,357,7,0,0,265,147,283,138,0,105,385,227,386,9,5,3,1,227
br29vR36,Intelligent Metal Chicken,Health,333,33,119,351,332,367,275,0,347,0,63,458,286,10,4,2,1,458
fN14Oh23,Fresh Gloves,Sports,24,49,436,119,0,103,464,0,476,230,383,450,0,10,5,3,1,450
pm90qa89,Concrete Salad,Electronics,204,359,0,0,305,486,310,0,168,471,312,0,194,8,4,2,0,0
tO10Wv35,Fantastic Shoes,Clothing,342,101,177,400,0,0,247,406,12,417,28,13,188,10,6,3,1,13
fm10SY56,Gorgeous Wooden Chair,Automotive,149,114,458,330,226,108,184,8,373,462,372,54,464,12,6,3,1,54
Ei42vi78,Soft Hat,Home,0,227,399,437,396,116,0,0,46,413,0,476,146,8,3,2,1,476
sU10tO96,Rubber Chips,Clothing,467,420,252,0,0,107,155,0,115,45,0,354,49,8,4,2,1,354
FH60Gl30,Cheese,Jewelery,109,123,497,467,483,0,389,0,290,0,224,202,71,9,4,2,1,202
YZ38LZ97,Gently Used Plastic Cheese,Beauty,0,391,136,115,196,363,493,0,0,0,0,66,360,7,2,1,1,66
TT79TM03,Small Rubber Hat,Clothing,0,187,19,0,411,10,482,219,453,0,41,479,334,9,5,2,1,479
Qn02in51,Bike,Books,349,0,256,284,6,264,417,25,121,334,260,449,323,11,6,3,1,449
sK97Et57,Awesome Wooden Chips,Shoes,120,227,0,353,265,97,0,300,488,0,426,5,461,9,4,2,1,5
hw93AN97,Shoes,Kids,265,0,0,71,0,66,73,42,218,299,100,103,440,9,6,3,1,103
Gn83tV53,Tasty Granite Shoes,Clothing,276,467,394,174,215,244,497,309,0,286,0,431,429,10,4,2,1,431
ce79Fi21,Chips,Toys,0,98,469,0,40,221,134,0,297,0,314,279,0,8,4,2,1,279
eh00Lc32,Concrete Chair,Tools,169,430,490,375,21,4,181,455,117,0,144,357,120,11,5,2,1,357
of09Th24,Chips,Jewelery,124,397,53,220,217,0,121,0,411,0,105,321,0,9,4,2,1,321
XD27sk63,Practical Concrete Fish,Jewelery,166,11,373,298,120,119,246,270,339,404,431,76,4,12,6,3,1,76
Oy64to80,Keyboard,Grocery,227,496,116,389,238,435,142,304,0,181,278,490,470,11,5,3,1,490
ac81GK84,Awesome Soft Keyboard,Beauty,55,460,59,0,151,52,453,410,197,481,340,429,0,11,6,3,1,429
Ze20ZA99,Handmade Tuna,Home,159,135,442,408,444,218,464,440,183,407,382,0,284,11,5,2,0,0
Wa78qH82,Handmade Steel Shoes,Music,182,349,44,477,61,152,108,202,456,0,0,127,58,10,4,1,1,127
Cs63Bz94,Wooden Computer,Grocery,32,254,0,273,41,234,424,431,317,403,143,75,371,11,6,3,1,75
Lm88Cv89,Cotton Salad,Health,458,208,34,157,314,256,56,0,362,242,342,265,472,11,5,3,1,265
mw96cU48,Granite Car,Baby,453,223,500,138,414,399,89,131,126,389,248,312,422,12,6,3,1,312
gi35OA36,Rubber Computer,Clothing,175,0,356,0,0,269,334,127,379,49,416,496,0,9,6,3,1,496
qL54DU58,Used Salad,Automotive,80,58,178,333,172,55,0,0,304,0,412,167,358,9,3,2,1,167
zT54Lw92,Refined Frozen Pizza,Garden,57,0,270,199,61,215,322,387,165,182,499,296,0,11,6,3,1,296
Uq16TW87,Wooden Chicken,Baby,45,491,283,234,137,13,455,146,292,79,0,0,143,10,4,1,0,0
xs02yF00,Granite Fish,Shoes,308,114,322,263,48,155,422,394,237,374,140,60,0,12,6,3,1,60
cd77Qf78,Metal Keyboard,Kids,0,0,0,261,0,0,274,312,433,158,145,401,131,7,6,3,1,401
il83PK57,Sleek Soft Gloves,Health,99,173,491,224,206,211,72,187,110,135,379,114,121,12,6,3,1,114
Ct74lw60,Sleek Keyboard,Automotive,0,0,0,290,64,124,25,382,366,39,449,176,102,9,6,3,1,176
vr86Il62,Computer,Clothing,435,253,78,0,251,0,217,233,0,56,472,455,418,9,5,3,1,455
FR68BL06,Intelligent Car,Jewelery,345,479,42,361,327,189,486,0,116,105,326,30,368,11,5,3,1,30
Je63kN57,Handcrafted Sausages,Computers,0,96,95,177,365,22,0,436,282,158,227,71,50,10,5,3,1,71
zD41WD11,Sausages,Games,265,405,383,351,322,206,424,296,234,165,79,0,308,11,5,2,0,0
pK28OW70,For repair Mouse,Computers,60,118,429,79,135,401,82,257,301,0,20,370,0,11,5,2,1,370
oj45ia92,Small Frozen Table,Clothing,25,197,84,450,91,267,271,92,367,282,493,212,462,12,6,3,1,212
ZE82mE53,Plastic Bike,Sports,217,457,247,218,412,27,0,0,92,431,0,314,373,9,3,2,1,314
gD03RI54,New Ball,Computers,213,422,474,238,269,445,100,359,405,0,243,481,49,11,5,2,1,481
Tw66Ec44,Unbranded Soap,Electronics,86,398,335,41,329,488,0,0,143,336,327,13,0,10,4,3,1,13
Nc74JW54,Used Soft Shoes,Sports,294,259,0,382,230,357,0,206,0,162,331,0,0,8,3,2,0,0
tZ34Sp21,Gently Used Bike,Shoes,246,0,265,45,7,0,245,321,0,27,238,300,78,9,5,3,1,300
Cv58PF48,Tasty Hat,Home,197,194,275,228,170,210,337,437,0,155,239,416,74,11,5,3,1,416
xh44uV11,Unbranded Mouse,Electronics,0,0,90,432,0,444,465,162,397,171,303,186,458,9,6,3,1,186
lb39Hi21,Fish,Jewelery,451,340,445,0,0,414,149,388,415,331,482,475,134,10,6,3,1,475
PF26fP35,Rubber Computer,Kids,314,198,449,291,128,124,54,123,139,486,492,133,0,12,6,3,1,133
GN21ZY41,Cotton Ball,Music,494,451,0,340,381,141,386,489,304,64,357,392,228,11,6,3,1,392
SS50MU75,Hat,Kids,316,217,0,337,452,90,377,163,499,152,0,147,205,10,5,2,1,147
hu07Tm21,Bacon,Books,159,356,80,346,410,314,0,0,137,173,0,126,495,9,3,2,1,126
Rj19MR41,For repair Pants,Computers,60,303,8,336,239,400,49,385,0,363,315,360,365,11,5,3,1,360
HR40aN61,Soft Car,Beauty,326,381,58,263,234,349,230,49,34,0,158,0,345,10,4,1,0,0
iD39Ch06,Fantastic Chips,Electronics,249,491,0,225,0,496,33,103,472,0,262,0,102,8,4,1,0,0
It46Re00,Mouse,Jewelery,303,0,25,294,22,124,79,433,0,0,67,137,0,9,4,2,1,137
wX54gq34,Cotton Pizza,Books,226,249,229,326,304,340,108,89,396,7,467,62,308,12,6,3,1,62
GI16if96,Refined Cotton Gloves,Beauty,215,399,42,13,342,349,78,51,449,343,377,102,443,12,6,3,1,102
eK67hg94,Unbranded Cotton Hat,Tools,0,325,427,360,0,163,283,466,124,419,114,0,388,9,5,2,0,0
tY37ll22,Fish,Jewelery,63,201,184,350,0,26,80,462,486,101,187,0,0,10,5,2,0,0
VF74uo70,Cotton Table,Automotive,404,420,13,462,0,415,399,0,360,0,99,60,498,9,4,2,1,60
xP35Hm05,Awesome Bike,Toys,305,0,113,284,417,0,117,339,164,0,360,0,0,8,4,1,0,0
Ey93Gn53,New Ball,Jewelery,60,29,0,357,0,241,485,431,105,0,0,109,216,8,4,1,1,109
lB04IW51,Used Gloves,Kids,368,265,31,85,8,0,373,165,108,369,206,255,0,11,6,3,1,255
uS25WU53,Frozen Computer,Grocery,165,0,146,116,246,344,245,0,418,279,386,0,27,9,4,2,0,0
Xj01zV50,Hat,Outdoors,289,57,151,221,283,87,0,304,0,220,456,0,79,9,3,2,0,0
eA83XI98,Sleek Plastic Tuna,Shoes,262,495,318,59,281,467,303,469,0,391,2,177,109,11,5,3,1,177
NG98Ml84,Gently Used Frozen Tuna,Computers,245,0,284,0,309,101,108,381,111,0,0,181,112,8,4,1,1,181
UJ37Qg90,Incredible Keyboard,Sports,198,194,362,79,0,8,385,335,190,0,276,221,259,10,5,2,1,221
BC00CH80,Shoes,Tools,0,205,31,0,285,41,137,0,314,228,92,0,338,8,4,2,0,0
hd55bn63,Refined Shirt,Games,409,354,316,292,0,101,318,167,185,228,474,415,491,11,6,3,1,415
Fq53fb85,Pizza,Electronics,125,171,457,306,319,467,380,317,431,0,88,231,267,11,5,2,1,231
DL02yD24,Used Salad,Toys,174,57,183,343,428,149,0,32,81,464,346,423,488,11,5,3,1,423
Hk66dp22,Practical Car,Computers,424,22,190,492,110,461,387,398,265,0,173,109,144,11,5,2,1,109
hF88pu02,Frozen Bacon,Electronics,234,0,131,438,337,31,238,254,413,32,0,0,278,9,4,1,0,0
EG64Gw28,Ball,Toys,0,326,387,425,0,0,442,346,0,400,185,0,154,7,4,2,0,0
Lb18eU96,Soap,Sports,365,452,137,155,499,0,250,0,6,422,428,74,17,10,5,3,1,74
jG13IC34,Generic Concrete Chips,Tools,95,99,4,135,16,370,76,143,499,390,399,320,18,12,6,3,1,320
RX57wK34,Used Chair,Garden,0,468,154,370,383,471,186,90,259,457,475,251,191,11,6,3,1,251
Dl77vv68,Granite Soap,Sports,2,484,174,90,204,125,125,256,0,10,0,214,372,10,4,2,1,214
wB52xW17,Generic Mouse,Health,271,264,75,314,298,195,0,178,115,87,195,231,0,11,5,3,1,231
ZU00FJ07,Practical Wooden Bacon,Games,237,0,383,211,246,0,399,254,291,256,9,479,483,10,6,3,1,479
kI28kQ99,Hat,Automotive,0,401,0,94,0,464,0,122,0,9,60,109,0,7,4,3,1,109
YD58bc13,Used Hat,Games,0,443,329,0,233,40,433,275,309,100,406,319,351,10,6,3,1,319
Fw74qI15,Unbranded Tuna,Shoes,217,0,275,55,116,0,114,242,170,44,241,52,294,10,6,3,1,52
dJ38Aq22,Gently Used Soft Salad,Garden,276,81,280,327,0,256,115,464,235,377,264,0,91,10,5,2,0,0
hH34Bx21,Intelligent Mouse,Home,231,128,0,0,0,14,85,194,191,0,97,0,0,7,4,1,0,0
Wb26hJ09,Concrete Chicken,Clothing,0,12,477,400,461,0,303,96,498,488,0,0,0,8,4,1,0,0
Cf10FM04,Sleek Shirt,Industrial,0,320,68,319,189,342,211,0,0,91,66,0,148,8,3,2,0,0
cy35MO13,Metal Bacon,Music,0,0,450,0,306,110,0,15,395,51,20,33,107,8,5,3,1,33
MC27BJ69,Awesome Plastic Fish,Movies,158,360,147,0,0,191,36,107,0,152,129,141,351,9,5,3,1,141
xr40Da83,Awesome Cotton Hat,Baby,63,156,336,451,340,82,0,193,74,412,266,78,428,11,5,3,1,78
uK62Uv41,Handcrafted Tuna,Outdoors,111,154,351,0,243,120,362,498,0,112,32,401,146,10,5,3,1,401
Rq86KJ42,Gorgeous Salad,Grocery,96,431,0,417,376,454,295,424,444,268,462,130,312,11,6,3,1,130
kl93sf95,Mouse,Electronics,70,236,351,0,83,444,110,0,262,473,0,0,112,8,3,1,0,0
QS17YP93,Incredible Hat,Sports,34,385,273,456,67,127,327,158,376,35,113,199,0,12,6,3,1,199
xZ90xX04,Cotton Chips,Garden,450,473,427,190,134,121,240,341,0,500,292,237,153,11,5,3,1,237
ZY72Tq10,Granite Fish,Clothing,263,44,415,310,162,178,66,215,282,26,71,0,321,11,5,2,0,0
wH18Rl18,Unbranded Chair,Automotive,0,0,400,500,360,88,285,62,0,462,227,0,298,8,4,2,0,0
Qf90ua42,Generic Concrete Keyboard,Kids,356,421,34,304,379,110,194,0,58,13,145,242,492,11,5,3,1,242
FE55ig97,Ball,Health,0,365,184,441,471,209,66,370,0,213,348,239,314,10,5,3,1,239
VS27IC50,Granite Shoes,Games,420,286,3,433,426,0,0,104,130,298,128,93,421,10,5,3,1,93
yw67aB87,Ergonomic Shirt,Grocery,0,488,385,0,265,406,41,376,368,434,437,415,0,10,6,3,1,415
GY76RX39,Ergonomic Chips,Computers,443,124,426,130,290,449,424,423,76,232,0,189,228,11,5,2,1,189
rw84cq19,Generic Gloves,Outdoors,290,0,0,400,355,193,195,285,247,316,136,293,0,10,6,3,1,293
ZG35rp09,Rustic Concrete Ball,Outdoors,198,43,484,451,346,0,0,109,222,156,0,0,321,8,3,1,0,0
Fm22OZ11,Frozen Bacon,Games,377,29,13,0,220,0,280,271,162,0,16,486,50,9,5,2,1,486
Bn32Dp98,Small Plastic Computer,Home,368,302,0,65,336,71,263,383,66,48,0,163,127,10,5,2,1,163
AL41CA16,Pants,Computers,251,346,320,283,449,0,0,134,3,0,179,440,304,9,4,2,1,440
xX19yy49,Sleek Chips,Movies,120,115,400,158,172,343,137,308,457,0,468,475,0,11,5,2,1,475
Ev87fh98,Practical Rubber Cheese,Jewelery,186,70,67,3,453,461,42,0,347,239,148,321,0,11,5,3,1,321
zN53zW32,Used Hat,Outdoors,339,113,429,66,259,235,426,0,46,0,257,135,210,10,4,2,1,135
kL22Rr82,Keyboard,Computers,0,121,281,421,68,296,0,85,235,305,465,279,75,10,5,3,1,279
Lf69sM09,Unbranded Cotton Chips,Shoes,202,329,301,203,201,356,324,253,223,201,34,341,308,12,6,3,1,341
qD75ot76,Rubber Car,Electronics,423,88,0,434,0,494,223,422,19,497,0,334,436,9,5,2,1,334
qj01FW48,Pants,Electronics,0,247,181,499,295,453,268,25,424,0,0,14,0,9,4,1,1,14
eI02Fc59,Car,Sports,183,469,4,0,225,0,445,337,70,104,374,184,352,10,6,3,1,184
qv24Fy39,Chicken,Outdoors,252,241,345,139,69,130,9,0,281,35,352,0,144,10,4,2,0,0
Wb21UH26,Gently Used Granite Table,Industrial,0,0,74,73,98,429,0,364,360,0,0,35,68,7,3,1,1,35
BX80jl97,Used Fish,Health,261,0,394,199,0,238,133,467,0,196,69,445,311,9,5,3,1,445
rm59Yj05,New Soft Tuna,Sports,172,313,335,1,428,376,0,465,100,8,0,49,76,10,4,2,1,49
Po87qn42,Steel Ball,Sports,176,107,416,36,416,0,0,312,143,403,364,461,113,10,5,3,1,461
PJ49Sr77,Gorgeous Cheese,Home,55,0,134,390,460,0,11,0,0,0,216,0,476,6,2,1,0,0
ZU86AW81,Mouse,Computers,216,302,44,0,134,41,151,255,422,299,0,0,302,9,4,1,0,0
rZ87fS55,Shoes,Kids,343,40,369,300,23,208,222,14,76,0,0,414,414,10,4,1,1,414
Xp39tF73,Refined Car,Tools,248,256,293,0,446,0,0,59,309,333,0,233,464,8,4,2,1,233
sc12Xj65,Sausages,Outdoors,140,235,15,176,48,261,0,0,128,359,0,466,197,9,3,2,1,466
KJ24aa58,Towels,Movies,319,432,5,0,237,0,465,322,0,38,345,368,497,9,5,3,1,368
ul50Hz15,Metal Cheese,Sports,294,246,234,325,295,74,307,217,413,0,372,114,270,11,5,2,1,114
wy74Na41,Shoes,Baby,321,145,273,383,180,453,98,417,78,323,448,8,37,12,6,3,1,8
VE79FI44,Hat,Outdoors,0,477,118,0,179,104,18,148,125,137,0,476,347,9,5,2,1,476
sR43YY76,Steel Towels,Clothing,0,481,410,41,364,0,386,268,126,149,414,0,33,9,5,2,0,0
ZL64Fu81,Used Concrete Pants,Toys,131,0,378,198,0,113,266,328,456,233,344,0,371,9,5,2,0,0
gE53Cx59,Table,Automotive,0,496,0,451,134,0,49,0,42,346,54,402,0,8,5,3,1,402
Qn11GG55,Rustic Wooden Fish,Health,463,0,437,40,101,0,294,54,0,328,75,410,292,9,5,3,1,410
zq50kz84,Fish,Computers,173,0,272,383,304,219,48,169,16,265,412,144,447,11,6,3,1,144
bi92XG35,Pants,Industrial,446,297,484,219,0,0,45,19,372,15,282,390,193,10,6,3,1,390
ZB42eS80,Sleek Salad,Industrial,344,0,464,0,0,0,364,497,0,0,0,447,23,5,3,1,1,447
tx55Lg26,Bike,Shoes,0,278,437,0,328,0,481,107,273,257,280,399,448,9,6,3,1,399
ds33En51,Mouse,Electronics,294,104,314,129,403,474,0,115,293,248,153,316,478,11,5,3,1,316
SZ92tC15,Used Sausages,Computers,0,40,173,36,215,468,430,326,413,172,175,100,0,11,6,3,1,100
kD75Tc47,Fresh Towels,Garden,461,372,93,209,474,441,488,385,284,488,0,494,0,11,5,2,1,494
bJ05tn12,Plastic Shirt,Electronics,82,25,218,0,0,0,363,459,422,456,136,127,0,9,6,3,1,127
qt09iu91,Incredible Shoes,Tools,408,54,391,275,234,302,443,162,138,448,311,467,153,12,6,3,1,467
bK53ut11,Gently Used Hat,Beauty,259,292,0,33,405,482,0,470,51,215,41,225,485,10,5,3,1,225
Rg15pb48,Granite Pants,Books,0,468,420,0,0,145,0,144,88,0,222,324,336,7,4,2,1,324
YC72If77,Incredible Metal Table,Electronics,432,242,129,172,51,0,20,136,165,487,35,374,0,11,6,3,1,374
kM21YT48,Gorgeous Rubber Bike,Clothing,448,441,45,200,55,0,0,143,93,182,251,154,486,10,5,3,1,154
kv82eE59,Tasty Soft Tuna,Toys,98,440,103,225,0,419,417,34,236,72,0,89,132,10,5,2,1,89
cC94Gw70,Handmade Car,Outdoors,219,308,145,214,0,0,217,500,437,299,205,127,396,10,6,3,1,127
xb16zS64,Fresh Soap,Toys,10,123,466,431,0,0,327,0,0,157,0,268,71,7,3,2,1,268
ze16Oc79,Cotton Hat,Clothing,319,48,430,156,378,201,0,464,0,135,131,230,0,10,4,3,1,230
AP40mh44,Unbranded Rubber Fish,Health,465,428,266,7,0,0,334,409,265,170,0,0,170,8,4,1,0,0
VU76sl90,Cheese,Shoes,377,40,25,0,250,71,61,407,0,247,336,409,333,10,5,3,1,409
Rh24sA17,Used Gloves,Shoes,338,0,190,0,0,281,42,21,290,77,459,131,269,9,6,3,1,131
EV31gY94,Handcrafted Car,Tools,26,381,274,390,21,0,469,214,447,266,307,392,458,11,6,3,1,392
UT31fP97,Handcrafted Wooden Shirt,Sports,222,180,0,421,82,406,0,88,292,347,284,486,489,10,5,3,1,486
Va40Wh15,Metal Car,Electronics,115,314,353,206,30,460,0,182,323,336,61,281,244,11,5,3,1,281
FG02eY79,Soft Table,Outdoors,358,62,351,0,433,420,156,199,157,0,109,303,206,10,5,2,1,303
Th27QU48,Awesome Metal Ball,Toys,166,203,478,496,354,10,66,436,0,0,75,469,159,10,4,2,1,469
FA70Fe63,Generic Tuna,Jewelery,289,397,0,423,201,0,23,0,0,229,0,337,343,7,3,2,1,337
fL00WR87,Awesome Fresh Hat,Tools,229,111,0,294,10,492,426,0,443,0,410,282,400,9,4,2,1,282
Cd96Vl32,Used Soap,Kids,313,278,490,439,0,11,0,219,164,340,494,473,144,10,5,3,1,473
kb93Hs95,Chips,Tools,224,205,139,429,28,171,94,354,78,311,410,0,495,11,5,2,0,0
zA47Yv07,Tasty Frozen Salad,Sports,9,140,209,82,0,183,0,462,340,110,395,75,371,10,5,3,1,75
Wf58Yo33,Fresh Fish,Beauty,200,292,138,312,87,420,221,492,261,202,201,159,438,12,6,3,1,159
bH29ni41,Fantastic Soft Gloves,Baby,0,135,233,0,0,292,387,92,380,95,414,460,265,9,6,3,1,460
Zw49uy59,Steel Pants,Beauty,349,0,121,60,375,493,500,480,102,442,0,341,0,10,5,2,1,341
QH03Zl68,Plastic Computer,Jewelery,500,175,0,87,222,0,56,68,0,273,0,221,0,8,4,2,1,221
IT14oj14,Metal Shirt,Movies,201,462,162,222,481,0,64,320,0,349,334,125,292,10,5,3,1,125
Qy50rc48,Refined Frozen Pants,Outdoors,181,133,259,112,279,145,3,48,342,48,0,164,2,11,5,2,1,164
iA57Rx02,Cotton Tuna,Automotive,117,0,297,415,0,136,477,356,242,72,197,385,447,10,6,3,1,385
iy35Jf10,Shoes,Home,0,274,303,0,58,480,197,29,291,252,36,377,0,10,6,3,1,377
gN61nz72,Sausages,Games,115,249,369,380,241,0,282,0,0,0,313,299,294,8,3,2,1,299
SP52sC53,Intelligent Mouse,Sports,151,0,0,220,90,252,189,93,401,86,43,203,422,10,6,3,1,203
DV22kk66,Metal Car,Kids,0,250,0,0,0,500,326,158,405,205,59,495,424,8,6,3,1,495
vk01wh69,Gently Used Concrete Car,Electronics,383,0,143,171,419,191,492,0,334,103,17,7,205,10,5,3,1,7
Iq49Dj37,Refined Wooden Gloves,Industrial,156,458,242,143,203,336,372,447,400,54,196,158,103,12,6,3,1,158
Aq09pU73,Shirt,Music,1,434,147,0,352,9,94,335,256,419,473,0,402,10,5,2,0,0
xs12US35,Frozen Hat,Toys,280,0,378,12,20,217,0,0,0,439,425,195,0,8,3,3,1,195
Jv50re48,Handcrafted Bike,Shoes,0,449,0,257,139,96,400,417,262,23,0,0,0,8,4,1,0,0
Cx12jj99,Handcrafted Towels,Clothing,0,0,452,316,0,458,73,0,139,200,432,476,415,8,5,3,1,476
qO58tm76,Incredible Steel Salad,Baby,320,0,11,211,0,267,0,0,160,103,0,115,0,7,3,2,1,115
XD42wc53,Small Fresh Pizza,Automotive,74,0,0,175,335,65,110,227,20,0,0,270,410,8,4,1,1,270
JS10Ex18,Handcrafted Cotton Chicken,Books,155,334,139,362,0,342,472,9,201,116,411,0,335,10,5,2,0,0
qr92kh75,Intelligent Fish,Clothing,239,421,135,497,156,184,192,51,44,177,196,262,0,12,6,3,1,262
Qp54Ga64,Pants,Electronics,391,468,381,0,173,72,125,0,245,402,0,331,44,9,4,2,1,331
Vu48wu06,Fantastic Bacon,Games,196,342,416,224,441,209,93,294,386,22,22,0,270,11,5,2,0,0
nb16yW66,Awesome Shoes,Tools,0,0,91,39,155,329,254,198,333,168,221,366,167,10,6,3,1,366
VI47Ap05,Generic Shirt,Grocery,389,58,0,349,145,86,41,344,477,0,426,237,197,10,5,2,1,237
aW30dC73,Handcrafted Bacon,Movies,148,209,0,4,37,0,146,0,69,193,14,324,192,9,5,3,1,324
RP17BD44,Incredible Sausages,Industrial,133,477,499,214,268,341,120,231,419,413,0,116,405,11,5,2,1,116
hu17wd73,Chair,Beauty,0,69,262,0,358,80,329,492,0,0,441,63,416,8,4,2,1,63
wo97zO21,Small Plastic Mouse,Toys,459,80,300,153,191,0,23,422,0,477,105,373,469,10,5,3,1,373
kV91BR43,Soft Ball,Beauty,247,284,244,388,412,64,134,471,36,301,16,452,320,12,6,3,1,452
HF94vX12,Shoes,Clothing,70,140,0,0,0,80,0,118,346,253,67,423,338,8,5,3,1,423
KK42ho51,Bacon,Home,180,222,462,0,0,5,432,466,54,223,102,329,142,10,6,3,1,329
xU04Xt48,Soft Pants,Jewelery,110,0,248,225,201,160,428,373,0,0,0,0,29,7,2,0,0,0
RJ90iC42,Frozen Bacon,Automotive,35,268,465,0,0,267,0,285,252,177,267,0,227,8,4,2,0,0
bf57kc30,Rustic Hat,Kids,234,340,0,133,0,488,239,448,497,354,115,488,251,10,6,3,1,488
yN15Kg36,Fantastic Shoes,Toys,469,420,44,317,68,116,336,388,38,0,159,425,203,11,5,2,1,425
Sd58gQ31,Sausages,Electronics,245,272,0,0,411,36,457,467,128,343,303,0,90,9,5,2,0,0
nO33qY01,Gently Used Tuna,Sports,183,0,189,0,44,0,121,160,187,41,428,212,0,9,6,3,1,212
MP93QT16,Bacon,Garden,48,326,211,282,101,320,79,436,430,339,0,311,236,11,5,2,1,311
EH87NF71,Ergonomic Pants,Sports,225,0,359,355,229,0,127,67,247,415,0,418,203,9,5,2,1,418
fb55MP85,Fantastic Metal Chips,Industrial,127,45,246,388,500,469,59,74,99,0,416,0,128,10,4,1,0,0
Sv64Fr47,Bacon,Beauty,256,0,143,50,0,434,139,86,444,240,463,0,365,9,5,2,0,0
XM85cD59,Table,Computers,123,353,0,68,211,332,148,219,0,425,372,147,339,10,5,3,1,147
Bi40Zw35,For repair Ball,Outdoors,48,34,85,0,0,386,190,204,369,5,38,0,421,9,5,2,0,0
Za38aG02,Chicken,Movies,90,424,0,0,0,429,261,344,211,0,200,386,0,8,5,2,1,386
VJ86oi81,Sausages,Music,121,53,478,0,310,177,158,362,413,362,160,56,362,11,6,3,1,56
VY85nG80,Tuna,Health,118,403,331,398,110,472,189,0,38,226,183,72,485,11,5,3,1,72
Ue01AG38,Computer,Garden,11,0,120,463,12,244,447,24,376,387,402,0,69,10,5,2,0,0
Zy25eJ17,Sleek Soft Chips,Health,393,283,437,230,74,384,73,86,458,141,431,70,0,12,6,3,1,70
Sg13Ap00,Granite Car,Home,386,416,220,252,375,397,7,0,409,331,168,96,0,11,5,3,1,96
ff72aZ33,Table,Baby,365,18,336,256,323,0,101,288,334,297,151,164,342,11,6,3,1,164
VB38SC58,Wooden Shirt,Automotive,0,96,263,0,236,0,191,227,287,231,309,224,303,9,6,3,1,224
ef97mV95,Incredible Frozen Chair,Sports,70,292,480,269,383,78,0,0,0,0,293,318,48,8,2,2,1,318
EE86Nb32,Incredible Soap,Health,32,0,495,338,352,0,0,372,125,459,13,56,373,9,5,3,1,56
iX33ZC31,Used Computer,Beauty,373,471,47,212,284,29,86,170,406,240,0,26,434,11,5,2,1,26
Ua28ju20,Licensed Mouse,Sports,340,110,305,44,364,164,20,0,258,428,0,0,337,9,3,1,0,0
pr00po90,Generic Rubber Shoes,Tools,0,138,146,0,448,479,132,16,312,145,166,369,396,10,6,3,1,369
OW29Nh64,Frozen Bacon,Beauty,158,40,478,162,379,405,392,469,0,220,0,183,0,10,4,2,1,183
Ke58Ww84,Pizza,Home,0,0,45,177,131,166,0,427,0,212,175,118,406,8,4,3,1,118
Nv20en88,Unbranded Concrete Computer,Automotive,93,281,0,387,224,178,184,17,0,64,149,145,60,10,5,3,1,145
Af18qm65,Generic Hat,Industrial,329,0,402,0,424,360,227,79,0,241,484,51,345,9,5,3,1,51
LQ03Gl72,Cheese,Shoes,0,400,117,13,448,147,325,0,112,353,0,0,0,8,3,1,0,0
uI07IT17,Gently Used Mouse,Industrial,262,133,292,356,0,12,62,0,294,0,286,1,394,9,4,2,1,1
dT83Ji00,Sleek Soft Gloves,Automotive,0,199,0,0,0,67,0,332,44,439,177,265,141,7,5,3,1,265
qc39Yr35,Handmade Metal Towels,Toys,111,0,38,0,160,368,129,446,123,190,0,168,459,9,5,2,1,168
tq66Kq89,Rustic Frozen Shoes,Movies,0,341,18,192,239,0,325,389,352,0,37,260,474,9,5,2,1,260
da05au85,Granite Tuna,Electronics,280,159,0,0,0,0,13,0,100,0,125,196,231,6,4,2,1,196
Ry44DE12,Concrete Soap,Clothing,346,25,284,62,0,114,72,358,72,21,265,203,274,11,6,3,1,203
yt91XE05,Unbranded Cotton Soap,Electronics,236,285,217,170,0,0,413,480,474,287,112,355,492,10,6,3,1,355
bE36SW26,Small Computer,Clothing,10,248,51,225,43,283,0,212,0,361,442,172,242,10,4,3,1,172
Hk61zj67,Handcrafted Steel Ball,Music,232,459,0,283,111,191,183,466,0,171,335,489,489,10,5,3,1,489
LS01uY00,Fantastic Rubber Mouse,Health,249,0,73,0,0,430,318,248,0,147,298,454,214,8,5,3,1,454
Nc56kF31,Fresh Shirt,Electronics,248,156,313,0,338,433,220,425,380,46,0,0,0,9,4,1,0,0
YJ97kF89,Used Chicken,Clothing,268,112,210,159,337,153,324,0,283,253,330,0,65,10,4,2,0,0
vQ50Bm21,Plastic Pizza,Games,0,499,452,62,74,329,138,8,66,416,0,15,202,10,5,2,1,15
rY89Rj71,Refined Rubber Table,Baby,11,448,191,399,423,0,309,450,188,499,430,152,301,11,6,3,1,152
FT77Cq80,Refined Chair,Tools,273,382,233,137,206,443,274,280,0,0,0,372,0,9,3,1,1,372
Ic74pN49,Fresh Soap,Kids,466,20,432,124,454,456,175,458,0,105,132,334,163,11,5,3,1,334
ko80ny92,Generic Steel Shirt,Beauty,192,206,163,419,496,102,265,326,0,0,91,0,74,9,3,1,0,0
dL34ad54,Intelligent Computer,Books,221,80,5,30,401,1,0,361,116,73,243,0,101,10,4,2,0,0
jB38Ux42,Pizza,Industrial,491,23,157,108,142,0,0,25,403,33,281,384,0,10,5,3,1,384
FC09gW90,Ergonomic Sausages,Baby,63,133,13,0,122,328,37,0,22,251,92,86,468,10,5,3,1,86
NP51gI38,Soap,Sports,311,252,302,0,411,148,14,157,0,179,260,69,28,10,5,3,1,69
FN65QJ35,Rubber Computer,Outdoors,87,274,162,483,166,114,381,0,480,195,0,319,0,10,4,2,1,319
pq53TL20,Sausages,Movies,26,195,283,363,0,497,92,320,443,0,365,217,0,10,5,2,1,217
ZK91ku10,Ergonomic Sausages,Outdoors,127,300,63,60,311,157,204,465,272,446,411,62,0,12,6,3,1,62
Pe26QN60,Chicken,Kids,123,305,363,216,189,274,101,313,0,117,0,317,414,10,4,2,1,317
ff61zS24,Concrete Sausages,Toys,136,63,0,470,101,79,346,374,85,0,86,0,373,9,4,1,0,0
Gn35nu63,Fresh Ball,Beauty,485,25,340,0,419,478,43,429,354,192,188,0,50,10,5,2,0,0
dg49yT71,Ball,Computers,267,0,202,158,0,401,463,345,342,266,458,173,167,10,6,3,1,173
Ql94rK89,Fish,Sports,142,135,252,458,377,58,466,54,15,232,351,108,103,12,6,3,1,108
Ef57mH90,Handcrafted Hat,Movies,366,380,434,362,288,119,443,199,4,117,425,295,181,12,6,3,1,295
Uq54il27,Gently Used Plastic Bacon,Books,51,0,420,0,493,381,163,67,215,60,235,0,441,9,5,2,0,0
Io52Qt20,Gorgeous Metal Chair,Toys,243,175,165,241,479,429,498,299,280,167,93,23,472,12,6,3,1,23
iM82um63,Used Frozen Fish,Clothing,251,320,250,475,367,70,122,0,301,233,156,312,185,11,5,3,1,312
Rb20mc13,Shoes,Industrial,342,107,284,0,457,98,247,345,151,0,0,146,96,9,4,1,1,146
pX43EP93,For repair Tuna,Jewelery,144,0,245,7,212,185,0,0,0,0,0,409,480,6,1,1,1,409
kl46EN47,Car,Garden,92,0,86,355,68,241,0,296,293,391,0,449,115,9,4,2,1,449
rD88Dz79,Chips,Toys,263,317,338,0,0,399,0,59,165,324,186,172,168,9,5,3,1,172
mh17Ys12,Practical Salad,Beauty,321,131,69,361,75,287,0,165,302,173,0,474,455,10,4,2,1,474
Zs43Zv42,Sleek Soft Soap,Health,0,192,0,146,165,45,347,398,482,53,92,248,0,10,6,3,1,248
zl58qe53,Mouse,Jewelery,309,0,0,337,0,278,97,0,414,0,230,0,149,6,3,1,0,0
CR53AK10,Handmade Cotton Mouse,Tools,11,413,307,182,265,296,0,64,0,155,23,429,390,10,4,3,1,429
dk61aF19,For repair Bike,Industrial,151,178,0,0,401,31,80,466,64,281,188,206,75,10,6,3,1,206
se29fw40,Car,Automotive,156,0,495,106,491,80,204,351,306,195,208,393,489,11,6,3,1,393
Ki24qW93,Wooden Bike,Baby,336,62,498,254,181,18,393,391,96,348,285,190,263,12,6,3,1,190
Cf80aT46,Steel Ball,Jewelery,53,58,49,128,110,0,322,0,295,344,249,235,398,10,5,3,1,235
kD57dn41,Sleek Plastic Pants,Jewelery,467,389,147,26,57,184,450,0,315,0,0,393,332,9,3,1,1,393
Qa53lg41,Computer,Tools,318,119,291,0,90,382,0,203,392,122,163,207,0,10,5,3,1,207
GI63eF03,Gloves,Computers,277,2,10,427,395,0,193,0,60,201,261,368,88,10,5,3,1,368
EM95HR65,For repair Wooden Salad,Garden,137,16,373,0,274,86,0,366,247,155,385,302,13,10,5,3,1,302
Hg75bu36,Plastic Salad,Kids,44,272,445,230,471,110,392,247,181,295,38,309,252,12,6,3,1,309
Yv48rw94,New Bike,Games,0,481,0,192,357,0,109,14,393,239,32,216,9,9,6,3,1,216
JU46rT83,Rustic Bike,Home,2,206,193,436,0,222,307,171,65,441,0,203,394,10,5,2,1,203
ID53ok58,Cotton Table,Books,139,231,477,158,0,14,334,442,0,282,0,248,115,9,4,2,1,248
nX69Vd37,Concrete Mouse,Music,0,474,248,323,0,430,0,165,0,127,0,126,487,7,3,2,1,126
rg08sc42,Unbranded Granite Bike,Tools,490,207,156,168,496,9,311,377,33,105,263,259,116,12,6,3,1,259
Wh55PQ86,Soap,Home,264,200,375,244,0,414,237,280,132,326,283,287,148,11,6,3,1,287
gv82xX03,Steel Table,Computers,0,384,44,222,454,72,0,119,413,300,369,249,460,10,5,3,1,249
dI70Yu25,Frozen Pizza,Baby,0,432,57,327,17,19,0,44,283,48,95,0,0,9,4,2,0,0
DI39dG23,Small Fresh Cheese,Automotive,413,498,0,0,260,477,0,32,393,305,115,183,0,9,5,3,1,183
Ii23mQ48,For repair Wooden Gloves,Shoes,244,193,439,74,0,30,263,256,149,0,189,303,64,10,5,2,1,303
Ew64Wf04,Gently Used Rubber Chips,Beauty,359,123,61,0,138,134,220,393,246,490,363,198,0,11,6,3,1,198
Vt38Ty99,Unbranded Chicken,Sports,435,245,471,71,487,425,383,0,139,380,296,0,0,10,4,2,0,0
sV52VW32,Gorgeous Shoes,Sports,231,104,0,158,282,351,183,115,81,21,0,462,98,10,5,2,1,462
Ec37kv18,Shirt,Grocery,0,390,0,0,270,157,348,285,496,406,45,182,21,9,6,3,1,182
AP39Tz33,Pizza,Beauty,127,432,386,0,322,247,323,274,416,238,362,361,499,11,6,3,1,361
fO62We50,Metal Mouse,Tools,0,418,0,201,410,0,290,225,21,202,468,295,81,9,6,3,1,295
an81mL85,Wooden Pants,Beauty,372,224,197,120,0,432,24,309,0,440,357,365,0,10,5,3,1,365
sX22FT59,Sleek Shoes,Tools,0,5,113,367,0,131,500,188,118,0,242,89,486,9,5,2,1,89
dk53WK14,Bacon,Shoes,301,380,361,451,223,212,250,499,220,0,369,0,96,10,4,1,0,0
Tg63im36,Fresh Shoes,Outdoors,117,49,0,270,317,43,40,141,415,218,411,0,226,10,5,2,0,0
ky81YM87,Sleek Table,Home,0,469,400,203,176,163,284,173,324,336,235,104,0,11,6,3,1,104
TY30Ps09,Tasty Table,Baby,198,136,45,0,334,409,327,0,302,188,7,254,317,10,5,3,1,254
Ed64hJ96,Steel Soap,Home,41,249,200,0,405,143,0,167,0,363,409,0,248,8,3,2,0,0
PS95tP38,Bacon,Computers,253,0,345,129,0,24,344,298,51,0,486,278,0,9,5,2,1,278
BE92Kw40,For repair Cotton Mouse,Movies,499,0,15,478,0,130,188,0,309,269,315,153,454,9,5,3,1,153
FQ45gL81,Incredible Metal Towels,Grocery,255,94,12,152,189,163,182,172,108,289,157,306,464,12,6,3,1,306
nN46AK81,Gently Used Salad,Computers,388,318,152,34,27,177,385,0,71,324,0,99,85,10,4,2,1,99
yx33oL22,Rustic Fresh Gloves,Home,317,0,73,89,18,121,0,481,259,339,419,447,499,10,5,3,1,447
cS33Dv38,Awesome Shoes,Health,0,152,291,313,239,78,295,26,303,240,0,53,0,10,5,2,1,53
nb04LG37,Shirt,Music,271,0,20,297,483,408,318,79,0,216,86,472,367,10,5,3,1,472
GQ26Nu63,Wooden Pants,Sports,350,122,472,493,206,268,131,228,251,471,374,243,326,12,6,3,1,243
Rw43Dt61,Awesome Keyboard,Home,124,43,312,362,364,297,98,88,229,46,310,0,345,11,5,2,0,0
oV84Po36,Generic Chicken,Toys,330,23,238,226,61,0,221,112,452,0,0,335,452,9,4,1,1,335
HB41Dr72,Handcrafted Bacon,Computers,0,207,316,420,253,444,478,24,275,248,0,248,321,10,5,2,1,248
KC21xO77,Gloves,Computers,462,99,472,152,0,253,358,97,55,0,0,350,32,9,4,1,1,350
iV37zY44,Used Granite Chips,Games,260,130,232,103,218,148,176,410,245,0,415,145,267,11,5,2,1,145
gw94wC26,Mouse,Jewelery,0,224,5,0,122,452,417,87,336,231,115,95,0,10,6,3,1,95
TM98vV27,New Soft Shirt,Sports,138,0,107,231,356,0,360,367,466,424,388,150,372,10,6,3,1,150
tk27gu49,Small Gloves,Music,141,102,420,87,274,300,49,466,13,284,260,195,213,12,6,3,1,195
OX53Zt00,For repair Soap,Home,314,266,404,23,23,233,395,460,0,140,295,101,189,11,5,3,1,101
LJ00qu29,New Concrete Soap,Kids,357,134,328,92,280,25,0,92,187,347,348,85,0,11,5,3,1,85
GL03mX18,Frozen Bike,Home,76,404,460,201,81,56,0,266,167,0,304,0,467,9,3,1,0,0
eU95pc41,Refined Wooden Ball,Games,14,378,365,0,146,17,0,0,271,183,94,0,74,8,3,2,0,0
wP77KF14,Practical Tuna,Movies,457,302,351,233,175,490,169,144,305,0,446,406,14,11,5,2,1,406
mz21bL67,Gently Used Shirt,Home,108,27,41,227,75,289,410,413,0,337,79,0,162,10,4,2,0,0
rA46Gz77,Tuna,Beauty,0,0,0,443,379,274,179,144,395,16,0,478,392,8,5,2,1,478
IV16Pm96,Fish,Beauty,0,346,460,62,0,183,395,284,82,77,320,389,372,10,6,3,1,389
af07TE18,Wooden Table,Health,165,0,71,48,76,76,322,40,220,342,11,0,440,10,5,2,0,0
wo70PL55,Tasty Tuna,Outdoors,234,259,0,0,0,0,133,187,92,469,0,412,472,7,5,2,1,412
oh08Je17,Gently Used Sausages,Computers,77,485,264,38,138,0,155,435,120,301,495,442,486,11,6,3,1,442
jW35ur29,New Granite Bacon,Beauty,0,0,7,0,179,0,136,366,0,257,170,67,0,7,5,3,1,67
ld48jF13,Pizza,Automotive,179,336,437,469,207,356,0,0,458,436,0,486,0,9,3,2,1,486
qD72FN55,Licensed Concrete Gloves,Automotive,165,422,313,0,200,160,268,7,238,318,428,0,0,10,5,2,0,0
lA84TD00,Handmade Steel Cheese,Kids,420,316,68,426,29,78,0,277,485,134,0,78,433,10,4,2,1,78
gj96PD31,Cheese,Automotive,181,480,26,111,20,392,381,19,209,379,245,196,229,12,6,3,1,196
bT57di83,Tasty Car,Beauty,468,0,339,0,0,19,43,460,281,415,206,419,245,9,6,3,1,419
nD95hI67,Cheese,Clothing,60,341,180,0,0,190,0,282,346,318,4,392,464,9,5,3,1,392
db96yA99,Keyboard,Tools,190,121,268,228,423,0,463,0,0,0,0,469,225,7,2,1,1,469
XD93RJ45,Small Metal Bike,Electronics,148,0,0,473,0,180,0,317,173,180,428,0,222,7,4,2,0,0
NI82CS12,Used Tuna,Kids,434,296,0,0,36,311,101,437,14,0,33,188,71,9,5,2,1,188
wc52tj43,Refined Towels,Beauty,475,0,135,361,107,165,222,397,0,0,406,416,66,9,4,2,1,416
UB73bo25,Intelligent Tuna,Games,330,179,174,137,12,191,263,309,214,214,288,191,322,12,6,3,1,191
Jh32Kj77,Small Ball,Industrial,342,403,0,136,316,184,460,358,385,482,351,406,111,11,6,3,1,406
md64Uu66,New Sausages,Automotive,260,265,47,273,427,199,297,186,152,59,0,0,61,10,4,1,0,0
NB55NB86,Fantastic Computer,Clothing,0,179,102,128,38,340,338,0,434,475,433,0,0,9,4,2,0,0
Wz04NS12,Practical Mouse,Home,413,61,467,0,15,113,487,453,0,478,333,0,18,9,4,2,0,0
oE45RB26,Generic Rubber Gloves,Electronics,0,395,491,16,385,55,222,208,36,0,0,307,204,9,4,1,1,307
gf16lq93,Chips,Home,0,418,478,324,79,8,135,186,255,323,402,442,236,11,6,3,1,442
Ip44jN64,Towels,Baby,260,133,25,0,470,338,458,478,0,390,488,292,183,10,5,3,1,292
ng84hx80,Sleek Granite Shoes,Toys,307,0,444,97,440,182,234,84,0,481,431,247,159,10,5,3,1,247
DA35PV01,Licensed Salad,Jewelery,399,0,390,203,441,205,107,1,165,296,114,0,0,10,5,2,0,0
WD48py89,Licensed Bacon,Games,27,250,105,439,0,473,161,227,343,267,320,382,413,11,6,3,1,382
Pd91oP41,Generic Cheese,Books,51,354,88,352,374,419,256,164,30,17,231,500,253,12,6,3,1,500
uy18Wd46,Mouse,Beauty,303,435,264,187,266,78,408,233,0,475,243,420,415,11,5,3,1,420
hG23wv72,Handmade Concrete Shoes,Beauty,31,252,28,31,446,379,0,0,222,263,0,351,38,9,3,2,1,351
OG69SH42,Sleek Granite Gloves,Health,0,343,192,141,416,167,109,410,0,100,389,0,344,9,4,2,0,0
Vd60ZG38,Metal Shoes,Beauty,334,399,25,24,132,0,323,191,345,0,248,273,375,10,5,2,1,273
NR11jT62,Car,Automotive,335,244,235,0,426,335,0,265,0,217,264,156,18,9,4,3,1,156
tD75VS59,Shirt,Beauty,244,392,0,0,77,116,307,0,346,399,344,489,375,9,5,3,1,489
vz80DJ59,Soap,Outdoors,238,54,0,286,0,0,175,55,204,247,0,0,1,7,4,1,0,0
dV00zM88,Handcrafted Pizza,Clothing,273,86,310,237,284,377,360,250,77,385,451,59,471,12,6,3,1,59
nN95zd61,Awesome Chips,Movies,159,242,151,102,0,392,0,129,365,464,35,416,81,10,5,3,1,416
IJ83tt13,Tasty Cotton Car,Baby,468,88,43,266,133,184,397,0,0,153,377,10,114,10,4,3,1,10
hJ78jY29,Refined Keyboard,Grocery,129,290,480,21,69,85,297,477,85,0,53,174,399,11,5,2,1,174
OJ30Rv22,Ergonomic Ball,Garden,440,133,0,277,160,115,492,290,163,176,40,293,367,11,6,3,1,293
hp89SY79,Pizza,Industrial,134,326,0,38,178,85,0,213,0,436,27,388,396,9,4,3,1,388
XV86aS88,Keyboard,Music,156,87,0,482,232,108,490,0,0,21,33,328,332,9,4,3,1,328
pe04AK45,Sleek Fish,Outdoors,29,0,86,313,8,454,315,447,48,436,307,446,136,11,6,3,1,446
eH53yz16,New Table,Outdoors,13,171,0,19,0,0,457,59,152,84,5,0,0,8,5,2,0,0
qN93Yd28,Towels,Shoes,442,484,144,182,402,327,0,151,246,47,71,247,174,11,5,3,1,247
at81Pr54,Awesome Keyboard,Grocery,121,75,281,487,284,0,108,74,0,0,268,0,473,8,3,1,0,0
Ff45Bi63,Sausages,Sports,399,287,73,375,189,0,266,338,195,81,82,52,426,11,6,3,1,52
Yy83Qt23,Unbranded Frozen Computer,Music,389,314,124,266,293,360,0,382,329,469,175,149,273,11,5,3,1,149
gP67qK73,Ball,Automotive,322,36,278,0,322,90,205,0,354,191,138,0,0,9,4,2,0,0
Pz41cK80,Soap,Baby,394,0,222,285,354,487,324,349,166,377,129,154,0,11,6,3,1,154
Pu94RL63,Granite Cheese,Clothing,57,462,136,479,499,210,143,0,0,79,288,65,0,10,4,3,1,65
Jh48wW58,Metal Fish,Music,463,399,264,0,21,338,330,490,312,0,139,419,107,10,5,2,1,419
nD06IL83,Wooden Chicken,Books,188,397,245,0,68,51,121,455,79,0,245,294,12,10,5,2,1,294
VB19XC67,Rubber Cheese,Books,25,333,0,259,268,137,246,143,265,197,129,248,172,11,6,3,1,248
kq34HF59,Concrete Shirt,Grocery,300,311,448,0,74,35,262,292,192,0,356,0,372,9,4,1,0,0
dR60Ge30,Chips,Music,199,295,0,465,245,0,107,195,423,318,229,399,228,10,6,3,1,399
Hw03pt29,Tuna,Music,476,0,307,66,151,175,0,0,55,0,423,475,227,8,3,2,1,475
gv33hZ06,Gently Used Bacon,Movies,0,409,259,429,256,60,72,67,432,117,0,285,245,10,5,2,1,285
wd94KK16,Handmade Bike,Industrial,327,187,0,267,65,0,114,0,321,0,475,0,117,7,3,1,0,0
sy34Vq36,For repair Frozen Chicken,Sports,120,65,0,224,0,0,218,423,487,418,278,299,369,9,6,3,1,299
NB00CK57,Intelligent Rubber Towels,Shoes,430,343,0,115,186,289,468,254,0,38,251,98,133,10,5,3,1,98
ra43zh37,Practical Shirt,Music,209,478,284,196,0,40,147,493,437,0,444,0,258,9,4,1,0,0
wr89bG10,Concrete Car,Clothing,194,229,484,435,0,278,0,188,357,16,0,19,10,9,4,2,1,19
YP08My87,Soap,Clothing,54,235,361,255,229,0,31,286,57,317,335,375,397,11,6,3,1,375
rs17rn78,Unbranded Plastic Sausages,Health,30,322,103,41,468,152,391,238,95,91,488,485,184,12,6,3,1,485
mb59TQ34,Car,Jewelery,17,306,318,0,285,370,146,107,0,223,461,0,457,9,4,2,0,0
jt18nj97,Granite Chair,Industrial,408,49,374,275,349,317,490,428,464,360,484,0,325,11,5,2,0,0
KB36Cx87,Rubber Table,Industrial,152,0,0,0,414,245,100,156,0,381,0,0,263,6,3,1,0,0
pW94Te72,Sleek Keyboard,Games,105,469,451,42,259,498,271,174,429,261,5,0,450,11,5,2,0,0
tL05ka81,Frozen Cheese,Outdoors,436,423,422,0,371,105,71,144,67,433,0,63,185,10,5,2,1,63
dn68VV89,Intelligent Rubber Fish,Automotive,0,410,88,0,0,424,429,139,483,4,452,367,187,9,6,3,1,367
nu16YA15,Practical Chips,Industrial,403,194,0,6,342,263,140,60,24,264,7,209,59,11,6,3,1,209
ov26vh88,For repair Car,Books,278,179,34,160,478,252,4,0,90,195,45,91,447,11,5,3,1,91
QX40DR11,Steel Keyboard,Tools,255,76,99,340,329,193,119,144,98,361,0,385,0,11,5,2,1,385
bG89le38,Bike,Grocery,173,147,0,29,314,0,377,0,326,348,115,96,377,9,5,3,1,96
zs80ur99,Gorgeous Bike,Industrial,0,0,210,11,225,198,0,0,148,0,456,407,0,7,3,2,1,407
AP60iS38,Rubber Car,Sports,0,209,64,448,139,407,112,494,0,33,0,469,489,9,4,2,1,469
Nk86xj87,Chicken,Jewelery,327,223,311,261,54,35,401,436,88,0,324,87,0,11,5,2,1,87
KQ04fW06,Hat,Sports,0,0,447,275,242,0,297,35,101,0,418,146,351,8,5,2,1,146
OS37fr83,Chicken,Movies,69,468,338,202,497,35,313,113,402,269,0,200,476,11,5,2,1,200
Bk54QM80,Ball,Books,5,64,343,230,264,0,347,472,489,113,73,280,231,11,6,3,1,280
bJ96de93,Concrete Fish,Computers,307,30,479,113,483,115,17,65,408,199,443,495,314,12,6,3,1,495
Sc89Mo29,Plastic Bike,Electronics,397,0,241,76,222,118,244,61,117,14,490,0,200,10,5,2,0,0
Gu06yJ55,Refined Plastic Soap,Home,476,0,389,106,366,355,90,336,113,344,408,490,201,11,6,3,1,490
BD24wc89,Awesome Soap,Grocery,13,416,56,0,263,0,394,104,294,296,482,0,244,9,5,2,0,0
cj19QT37,Rubber Computer,Beauty,57,265,8,134,137,0,411,0,314,0,101,122,195,9,4,2,1,122
VA58Gd96,Used Salad,Outdoors,278,0,282,367,425,448,463,0,179,49,302,0,344,9,4,2,0,0
Ss63Jl61,Pants,Sports,0,310,405,0,21,18,304,1,316,135,401,489,190,10,6,3,1,489
lf12sV65,Unbranded Pizza,Garden,0,0,192,257,366,0,260,0,488,0,462,0,65,6,3,1,0,0
xn45hT04,Mouse,Health,0,144,275,171,286,366,0,139,0,250,0,294,363,8,3,2,1,294
TL46Uz47,Practical Mouse,Computers,291,26,0,318,0,318,363,0,425,161,0,0,414,7,3,1,0,0
nJ97hz02,Table,Garden,0,0,252,0,34,356,13,187,299,207,219,213,0,9,6,3,1,213
KP99NA92,Granite Table,Home,0,292,226,264,375,296,349,6,100,0,396,0,127,9,4,1,0,0
Fv84Oz60,Cotton Fish,Movies,191,347,69,490,409,395,485,0,93,431,208,0,66,10,4,2,0,0
GR03dt31,Intelligent Wooden Ball,Outdoors,0,20,137,357,401,255,257,57,344,131,485,144,43,11,6,3,1,144
Fs07aJ28,Shirt,Books,0,279,59,212,107,245,220,0,0,63,0,396,0,8,3,2,1,396
ha58HB77,Hat,Jewelery,187,0,0,402,166,365,408,0,296,303,320,0,469,8,4,2,0,0
Zj60eS40,Granite Bacon,Sports,0,430,0,66,429,407,329,0,0,462,336,123,282,8,4,3,1,123
Ed74qe81,Frozen Bacon,Grocery,188,472,486,235,333,0,404,494,95,334,35,482,0,11,6,3,1,482
Xk31lt39,Licensed Salad,Tools,458,404,91,358,256,0,47,307,0,59,253,458,163,10,5,3,1,458
SP84NT41,Small Sausages,Clothing,278,0,446,23,137,314,86,494,83,0,468,1,295,10,5,2,1,1
bD11Yu57,Used Cotton Towels,Music,189,0,63,485,404,99,103,152,20,10,0,387,0,10,5,2,1,387
pe15CQ15,Incredible Gloves,Home,496,120,0,0,165,241,200,454,106,200,459,0,142,9,5,2,0,0
dt30Zo81,Fresh Shoes,Movies,50,171,394,223,128,292,467,396,13,311,421,406,366,12,6,3,1,406
BU21Xw81,Granite Bacon,Games,0,45,8,254,440,313,0,0,0,0,0,131,107,6,1,1,1,131
As50Ev66,Rubber Sausages,Home,459,0,310,96,213,127,338,467,338,164,111,70,482,11,6,3,1,70
Zl63Ar35,Sleek Bike,Electronics,280,203,417,0,181,93,347,297,229,395,431,340,0,11,6,3,1,340
QW90jc52,Granite Shoes,Shoes,0,12,333,19,216,252,176,252,356,217,254,54,0,11,6,3,1,54
iC76Df72,Table,Home,0,39,442,0,0,0,64,369,65,398,0,209,0,7,5,2,1,209
wM42DS79,Salad,Shoes,0,207,12,236,203,431,100,394,0,271,248,145,97,10,5,3,1,145
YW58wx45,Frozen Chicken,Electronics,172,336,475,381,0,281,81,0,496,357,259,239,350,10,5,3,1,239
pY18as84,Sleek Fresh Salad,Games,0,57,406,100,478,66,430,416,1,117,484,199,468,11,6,3,1,199
TQ01cc98,Sleek Wooden Salad,Automotive,324,197,0,0,484,42,414,97,0,301,330,0,0,8,4,2,0,0
bU90vH60,Chair,Jewelery,303,240,482,239,0,85,176,80,292,216,441,237,0,11,6,3,1,237
Mv09vQ38,Pants,Books,0,466,289,130,360,0,500,81,253,277,183,375,366,10,6,3,1,375
Zf50vp01,Used Gloves,Industrial,179,47,370,114,273,381,90,334,264,150,476,217,266,12,6,3,1,217
cD05su69,Steel Shirt,Toys,202,0,402,380,239,390,36,211,26,137,291,475,0,11,6,3,1,475
hA93cO80,Gorgeous Concrete Chicken,Computers,129,17,0,185,0,355,0,480,427,73,405,377,104,9,5,3,1,377
Tm90wB99,Granite Bike,Kids,166,414,357,497,158,0,0,397,0,0,278,432,0,8,3,2,1,432
La78CG25,Steel Chips,Toys,59,0,493,385,451,32,34,19,228,0,213,161,168,10,5,2,1,161
mg36sE43,Handcrafted Chair,Jewelery,305,120,269,488,269,12,151,52,0,21,250,212,135,11,5,3,1,212
zs34Vo80,Awesome Metal Pants,Clothing,235,245,0,0,19,89,141,381,216,215,0,256,419,9,5,2,1,256
zY01gm62,Fresh Car,Baby,120,0,86,86,0,178,0,0,0,34,125,432,311,7,3,3,1,432
ts16RZ84,Car,Clothing,463,0,477,187,0,407,338,485,111,0,182,0,105,8,4,1,0,0
TA05Ob72,Sleek Fresh Chair,Jewelery,215,422,0,171,0,157,184,338,443,396,0,99,300,9,5,2,1,99
gU66aS70,Incredible Bacon,Jewelery,205,0,113,470,146,443,147,19,92,86,0,289,0,10,5,2,1,289
lB08wl56,Car,Games,467,493,171,322,401,316,393,485,143,145,455,174,209,12,6,3,1,174
pI62va00,Salad,Games,34,192,459,103,476,0,401,301,7,99,335,267,406,11,6,3,1,267
cE13tm95,Rustic Sausages,Kids,429,0,0,406,59,346,305,2,0,0,395,292,103,8,4,2,1,292
ok08CU31,Intelligent Soap,Home,0,457,67,16,460,422,15,302,76,0,222,375,148,10,5,2,1,375
fW25kh95,Unbranded Concrete Shirt,Garden,0,104,77,0,76,315,0,183,338,103,143,324,169,9,5,3,1,324
Lq93UH79,Hat,Baby,371,0,163,49,23,320,104,272,0,32,447,0,0,9,4,2,0,0
ZD11Uw87,Sausages,Tools,32,495,66,380,464,406,103,83,437,370,73,188,0,12,6,3,1,188
db85cX18,Intelligent Wooden Tuna,Automotive,0,301,96,117,240,86,71,0,245,373,64,152,0,10,5,3,1,152
Rc34sM57,Computer,Beauty,292,167,363,0,467,0,400,202,456,169,30,0,0,9,5,2,0,0
Po41SC12,Sleek Gloves,Tools,75,45,157,417,235,169,254,0,343,200,372,286,407,11,5,3,1,286
cl80xC06,Gently Used Granite Car,Sports,232,363,301,109,148,0,0,0,171,355,193,499,252,9,4,3,1,499
jz57AC82,Fresh Chicken,Garden,140,103,386,344,83,41,336,190,358,310,221,26,0,12,6,3,1,26
Io98RP85,Awesome Salad,Books,378,362,482,0,333,311,388,0,0,173,180,0,497,8,3,2,0,0
QL11VU41,Salad,Baby,0,24,113,415,337,66,408,33,209,314,0,246,124,10,5,2,1,246
IB53CB37,Gently Used Car,Tools,0,0,241,167,269,73,476,56,114,495,70,14,435,10,6,3,1,14
WG77gL52,Concrete Bike,Baby,0,496,171,290,0,18,238,354,353,477,336,134,180,10,6,3,1,134
SA43bj99,For repair Salad,Kids,0,162,0,476,335,133,173,0,463,373,0,0,178,7,3,1,0,0
qi21qW80,Generic Fish,Toys,60,183,495,0,365,146,393,429,139,231,332,87,15,11,6,3,1,87
ad76bc72,Cheese,Books,235,347,440,0,474,333,62,247,125,450,202,0,146,10,5,2,0,0
IM94YM91,Plastic Bacon,Baby,162,12,24,0,162,337,27,382,27,18,279,173,494,11,6,3,1,173
dw50FB37,Used Hat,Movies,81,39,0,0,67,269,0,211,399,55,175,49,0,9,5,3,1,49
WK53tm06,Plastic Chair,Health,347,330,281,402,300,0,246,339,144,243,104,51,437,11,6,3,1,51
Uo22JN04,Practical Cheese,Automotive,0,89,113,137,47,0,239,124,126,127,344,124,273,10,6,3,1,124
Cj64UI60,Incredible Bacon,Beauty,254,493,0,130,0,480,0,261,403,0,0,354,0,7,3,1,1,354
oC43il47,Computer,Beauty,394,107,294,391,63,242,460,0,209,0,0,112,194,9,3,1,1,112
vR62jV86,Sleek Pizza,Industrial,218,0,0,80,0,414,0,0,331,499,63,11,0,7,4,3,1,11
Na31jr47,Fantastic Pants,Home,211,19,322,421,113,139,359,222,340,0,470,0,146,10,4,1,0,0
md25fv19,Gorgeous Granite Keyboard,Jewelery,360,321,352,240,228,0,221,62,113,170,292,43,34,11,6,3,1,43
jG50sF08,Cotton Computer,Jewelery,30,485,490,107,277,410,388,0,478,187,238,0,462,10,4,2,0,0
kR84cR73,Wooden Chair,Toys,51,313,0,300,0,48,89,342,110,430,468,0,284,9,5,2,0,0
zj54pa70,Refined Mouse,Grocery,204,364,351,315,279,222,40,224,183,131,259,52,0,12,6,3,1,52
tV67md59,Incredible Hat,Jewelery,0,101,0,273,424,203,358,148,224,115,425,428,101,10,6,3,1,428
jT76yN83,Steel Sausages,Games,0,366,201,246,258,75,0,0,481,485,213,414,490,9,4,3,1,414
Iw72Aj11,Shirt,Jewelery,299,304,489,98,138,0,448,486,72,290,415,286,160,11,6,3,1,286
ZH46oB87,Incredible Shirt,Industrial,206,211,198,23,408,127,0,461,0,141,433,98,495,10,4,3,1,98
ek85eM06,Tasty Soft Car,Clothing,335,74,367,279,14,469,0,42,0,58,0,17,263,9,3,2,1,17
na46Hl02,Frozen Sausages,Beauty,86,51,139,0,0,0,359,289,268,232,81,67,142,9,6,3,1,67
Id05ti43,Metal Car,Beauty,0,278,176,191,129,27,355,0,103,0,216,442,0,9,4,2,1,442
wy65KV78,Fresh Tuna,Sports,301,144,3,26,185,0,405,235,0,337,169,117,0,10,5,3,1,117
eg25ci14,New Rubber Chips,Outdoors,140,75,337,24,331,366,0,42,453,0,77,210,91,10,4,2,1,210
sL01eR83,Practical Wooden Table,Toys,122,477,16,377,417,107,492,320,82,37,255,149,128,12,6,3,1,149
oN28To90,Salad,Home,437,409,51,83,304,25,262,95,370,171,386,229,151,12,6,3,1,229
XA32Bq41,New Car,Toys,124,72,0,0,342,0,405,446,217,263,0,102,62,8,5,2,1,102
rF64CJ32,Awesome Metal Pizza,Sports,0,265,275,241,278,328,211,85,119,204,0,130,438,10,5,2,1,130
Qw04mm76,Wooden Shoes,Movies,349,310,20,223,475,0,48,337,332,332,27,89,0,11,6,3,1,89
Jw95sm73,Tuna,Toys,9,434,0,201,266,0,477,0,79,72,0,226,466,8,4,2,1,226
hX51zT25,For repair Frozen Chicken,Industrial,354,108,313,242,0,0,0,407,5,226,0,168,0,8,4,2,1,168
Zq49oy71,Generic Fish,Shoes,241,299,37,241,122,409,209,451,0,90,408,448,474,11,5,3,1,448
XI41IK79,Fresh Sausages,Games,153,128,110,136,398,108,96,0,343,159,0,0,52,9,3,1,0,0
We86Uw36,Refined Tuna,Beauty,458,258,418,369,500,0,364,0,78,289,137,0,1,9,4,2,0,0
NM59Bn02,Handmade Fresh Bacon,Tools,0,327,357,0,490,0,457,285,31,298,0,126,145,8,5,2,1,126
iQ89nY36,Hat,Home,490,158,489,170,493,134,123,491,21,444,285,92,168,12,6,3,1,92
iG41ls16,Chicken,Outdoors,294,297,0,381,9,0,406,170,0,0,0,360,0,7,3,1,1,360
bF96he06,Car,Automotive,156,5,0,0,399,247,35,0,432,25,0,440,357,8,4,2,1,440
qP49Iw35,Generic Pants,Sports,146,234,0,0,19,0,432,268,295,469,0,0,466,7,4,1,0,0
zA38bN40,Car,Jewelery,27,264,66,342,452,0,188,201,177,0,324,160,134,10,5,2,1,160
In13Bo71,Soap,Electronics,47,385,232,0,203,0,212,171,350,116,0,240,276,9,5,2,1,240
cZ92od33,Refined Car,Baby,0,59,0,130,247,62,204,384,234,451,0,312,165,9,5,2,1,312
lK67Rr24,Refined Pants,Electronics,377,442,0,486,131,0,462,0,0,217,486,236,460,8,4,3,1,236
aO72JM55,Keyboard,Tools,352,291,388,293,55,101,224,1,0,358,118,142,255,11,5,3,1,142
Bs37PI15,For repair Concrete Bike,Movies,0,420,0,433,0,378,154,289,493,346,423,256,145,9,6,3,1,256
kL95TV28,Awesome Wooden Pants,Home,377,0,171,47,0,0,312,236,300,309,399,0,305,8,5,2,0,0
